epoch,time,train/box_loss,train/cls_loss,train/dfl_loss,metrics/precision(B),metrics/recall(B),metrics/mAP50(B),metrics/mAP50-95(B),val/box_loss,val/cls_loss,val/dfl_loss,lr/pg0,lr/pg1,lr/pg2
1,30.8271,3.21149,4.68613,0.00289,0.02752,0.05172,0.01492,0.00481,3.22698,5.19689,0.00326,0.00035,0.00035,0.09335
2,32.1207,2.99852,4.42543,0.00256,0.02752,0.05172,0.01516,0.0054,3.23786,5.17914,0.00324,0.000749258,0.000749258,0.0857493
3,33.6389,2.7053,4.28102,0.00247,0.02655,0.05172,0.01417,0.0051,3.19909,5.23397,0.00323,0.00114772,0.00114772,0.0781477
4,34.9628,3.30608,4.91296,0.00287,0.02703,0.05172,0.01428,0.00658,3.16109,5.26468,0.00318,0.0015454,0.0015454,0.0705454
5,36.3732,2.93853,4.55823,0.00265,0.02451,0.25862,0.02675,0.0129,2.64325,3.71186,0.00216,0.00194228,0.00194228,0.0629423
6,37.9445,3.75864,4.05316,0.00308,0.02451,0.25862,0.02675,0.0129,2.64325,3.71186,0.00216,0.00233837,0.00233837,0.0553384
7,39.4973,3.27991,3.97605,0.00241,0.19414,0.17241,0.11161,0.03663,2.60657,2.48594,0.00191,0.00273366,0.00273366,0.0477337
8,41.057,2.88177,3.31393,0.002,0.19414,0.17241,0.11161,0.03663,2.60657,2.48594,0.00191,0.00312817,0.00312817,0.0401282
9,42.6815,2.89183,2.81916,0.00219,0.19414,0.17241,0.11161,0.03663,2.60657,2.48594,0.00191,0.00352188,0.00352188,0.0325219
10,44.2332,3.29859,2.88933,0.00227,0.2396,0.27586,0.13698,0.04633,2.66977,4.00375,0.00187,0.00391481,0.00391481,0.0249148
11,45.7977,3.18788,3.21075,0.00212,0.2396,0.27586,0.13698,0.04633,2.66977,4.00375,0.00187,0.00430694,0.00430694,0.0173069
12,47.3457,3.10174,3.37437,0.00219,0.2396,0.27586,0.13698,0.04633,2.66977,4.00375,0.00187,0.00469827,0.00469827,0.00969827
13,48.9812,2.9013,3.14086,0.0019,0.2396,0.27586,0.13698,0.04633,2.66977,4.00375,0.00187,0.0049406,0.0049406,0.0049406
14,50.5832,2.72097,3.43204,0.00173,0.27938,0.31034,0.16515,0.0494,2.54358,2.60971,0.00185,0.00493565,0.00493565,0.00493565
15,52.112,2.88232,2.9344,0.00187,0.27938,0.31034,0.16515,0.0494,2.54358,2.60971,0.00185,0.0049307,0.0049307,0.0049307
16,53.6182,3.48789,3.60349,0.00221,0.27938,0.31034,0.16515,0.0494,2.54358,2.60971,0.00185,0.00492575,0.00492575,0.00492575
17,55.1926,3.27208,3.63066,0.00208,0.27938,0.31034,0.16515,0.0494,2.54358,2.60971,0.00185,0.0049208,0.0049208,0.0049208
18,56.7697,3.08325,4.33774,0.00193,0.19414,0.22414,0.11162,0.03359,2.77607,5.52247,0.00193,0.00491585,0.00491585,0.00491585
19,58.4532,3.49069,4.24893,0.00225,0.19414,0.22414,0.11162,0.03359,2.77607,5.52247,0.00193,0.0049109,0.0049109,0.0049109
20,59.9048,3.36484,3.73335,0.00221,0.19414,0.22414,0.11162,0.03359,2.77607,5.52247,0.00193,0.00490595,0.00490595,0.00490595
21,61.3478,3.29457,3.86018,0.00204,0.19414,0.22414,0.11162,0.03359,2.77607,5.52247,0.00193,0.004901,0.004901,0.004901
22,62.8048,2.9291,4.21415,0.00181,0.19329,0.23963,0.10665,0.03402,2.78857,5.39415,0.00194,0.00489605,0.00489605,0.00489605
23,64.2657,3.15359,3.4911,0.00196,0.19329,0.23963,0.10665,0.03402,2.78857,5.39415,0.00194,0.0048911,0.0048911,0.0048911
24,65.8207,2.98752,3.81982,0.00199,0.19329,0.23963,0.10665,0.03402,2.78857,5.39415,0.00194,0.00488615,0.00488615,0.00488615
25,67.2983,2.78523,3.046,0.00184,0.19329,0.23963,0.10665,0.03402,2.78857,5.39415,0.00194,0.0048812,0.0048812,0.0048812
26,68.8318,2.72606,3.02736,0.0016,0.20285,0.25887,0.14284,0.04125,2.66285,3.27701,0.00191,0.00487625,0.00487625,0.00487625
27,70.3456,2.96174,2.68039,0.00183,0.20285,0.25887,0.14284,0.04125,2.66285,3.27701,0.00191,0.0048713,0.0048713,0.0048713
28,71.8038,3.09771,3.27992,0.00191,0.20285,0.25887,0.14284,0.04125,2.66285,3.27701,0.00191,0.00486635,0.00486635,0.00486635
29,73.394,3.18086,3.17386,0.00213,0.20285,0.25887,0.14284,0.04125,2.66285,3.27701,0.00191,0.0048614,0.0048614,0.0048614
30,74.868,3.21394,3.24416,0.00198,0.27783,0.18966,0.1611,0.04836,2.59854,2.62632,0.00193,0.00485645,0.00485645,0.00485645
31,76.2977,2.40039,2.68694,0.00175,0.27783,0.18966,0.1611,0.04836,2.59854,2.62632,0.00193,0.0048515,0.0048515,0.0048515
32,77.725,2.78411,2.67472,0.00194,0.27783,0.18966,0.1611,0.04836,2.59854,2.62632,0.00193,0.00484655,0.00484655,0.00484655
33,79.2617,2.93814,3.02027,0.00193,0.27783,0.18966,0.1611,0.04836,2.59854,2.62632,0.00193,0.0048416,0.0048416,0.0048416
34,80.9033,2.91063,3.00085,0.00202,0.29873,0.12069,0.16865,0.04732,2.47867,2.46912,0.0019,0.00483665,0.00483665,0.00483665
35,82.3823,3.03511,2.88204,0.00179,0.29873,0.12069,0.16865,0.04732,2.47867,2.46912,0.0019,0.0048317,0.0048317,0.0048317
36,84.0042,2.77707,2.81286,0.00188,0.29873,0.12069,0.16865,0.04732,2.47867,2.46912,0.0019,0.00482675,0.00482675,0.00482675
37,85.4899,3.11395,3.24271,0.00208,0.29873,0.12069,0.16865,0.04732,2.47867,2.46912,0.0019,0.0048218,0.0048218,0.0048218
38,86.963,3.45033,3.02709,0.0022,0.10776,0.43103,0.17779,0.05614,2.42186,2.48935,0.00183,0.00481685,0.00481685,0.00481685
39,88.6317,3.02315,2.98741,0.002,0.10776,0.43103,0.17779,0.05614,2.42186,2.48935,0.00183,0.0048119,0.0048119,0.0048119
40,90.1761,3.15607,3.13959,0.00199,0.10776,0.43103,0.17779,0.05614,2.42186,2.48935,0.00183,0.00480695,0.00480695,0.00480695
41,91.6954,3.11731,3.02464,0.00184,0.10776,0.43103,0.17779,0.05614,2.42186,2.48935,0.00183,0.004802,0.004802,0.004802
42,93.2623,2.74952,2.8258,0.0018,0.01423,0.65517,0.20518,0.07102,2.3044,2.50761,0.00166,0.00479705,0.00479705,0.00479705
43,94.765,2.8158,3.14605,0.00171,0.01423,0.65517,0.20518,0.07102,2.3044,2.50761,0.00166,0.0047921,0.0047921,0.0047921
44,96.3877,2.92204,2.98805,0.00183,0.01423,0.65517,0.20518,0.07102,2.3044,2.50761,0.00166,0.00478715,0.00478715,0.00478715
45,97.9168,2.95196,2.95468,0.00172,0.01423,0.65517,0.20518,0.07102,2.3044,2.50761,0.00166,0.0047822,0.0047822,0.0047822
46,99.5342,2.70111,2.80472,0.00152,0.01642,0.67241,0.23521,0.09196,2.1882,2.51687,0.00149,0.00477725,0.00477725,0.00477725
47,101.004,2.64509,2.8913,0.00163,0.01642,0.67241,0.23521,0.09196,2.1882,2.51687,0.00149,0.0047723,0.0047723,0.0047723
48,102.561,2.51706,2.93654,0.00159,0.01642,0.67241,0.23521,0.09196,2.1882,2.51687,0.00149,0.00476735,0.00476735,0.00476735
49,104.203,2.75096,3.03925,0.00179,0.01642,0.67241,0.23521,0.09196,2.1882,2.51687,0.00149,0.0047624,0.0047624,0.0047624
50,105.748,3.1592,3.05375,0.00176,0.0191,0.7069,0.23795,0.09564,2.18153,2.46281,0.00147,0.00475745,0.00475745,0.00475745
51,107.242,2.59833,2.76736,0.0016,0.0191,0.7069,0.23795,0.09564,2.18153,2.46281,0.00147,0.0047525,0.0047525,0.0047525
52,108.689,3.05348,3.18066,0.0016,0.0191,0.7069,0.23795,0.09564,2.18153,2.46281,0.00147,0.00474755,0.00474755,0.00474755
53,110.207,2.78648,3.01409,0.00173,0.0191,0.7069,0.23795,0.09564,2.18153,2.46281,0.00147,0.0047426,0.0047426,0.0047426
54,111.759,3.0037,2.98732,0.00173,0.01891,0.68966,0.28208,0.10381,2.23487,2.40087,0.00152,0.00473765,0.00473765,0.00473765
55,113.517,2.85176,2.74658,0.00158,0.01891,0.68966,0.28208,0.10381,2.23487,2.40087,0.00152,0.0047327,0.0047327,0.0047327
56,114.988,2.70513,2.79013,0.00165,0.01891,0.68966,0.28208,0.10381,2.23487,2.40087,0.00152,0.00472775,0.00472775,0.00472775
57,116.554,2.60277,2.92513,0.00146,0.01891,0.68966,0.28208,0.10381,2.23487,2.40087,0.00152,0.0047228,0.0047228,0.0047228
58,118.223,2.54578,2.78909,0.00152,0.08721,0.55172,0.25352,0.09332,2.41103,2.3276,0.00159,0.00471785,0.00471785,0.00471785
59,119.725,2.53855,2.64037,0.00149,0.08721,0.55172,0.25352,0.09332,2.41103,2.3276,0.00159,0.0047129,0.0047129,0.0047129
60,121.299,2.93682,2.94041,0.00159,0.08721,0.55172,0.25352,0.09332,2.41103,2.3276,0.00159,0.00470795,0.00470795,0.00470795
61,122.724,2.74606,2.69975,0.00168,0.08721,0.55172,0.25352,0.09332,2.41103,2.3276,0.00159,0.004703,0.004703,0.004703
62,124.102,2.87724,2.84526,0.0016,0.29858,0.36207,0.25338,0.09245,2.46,2.25271,0.00161,0.00469805,0.00469805,0.00469805
63,125.656,3.26959,2.90332,0.00167,0.29858,0.36207,0.25338,0.09245,2.46,2.25271,0.00161,0.0046931,0.0046931,0.0046931
64,127.147,3.05427,2.75173,0.00158,0.29858,0.36207,0.25338,0.09245,2.46,2.25271,0.00161,0.00468815,0.00468815,0.00468815
65,128.71,2.58542,2.60912,0.00165,0.29858,0.36207,0.25338,0.09245,2.46,2.25271,0.00161,0.0046832,0.0046832,0.0046832
66,130.145,2.63733,2.69205,0.00165,0.38211,0.25862,0.25414,0.10894,2.26796,2.16963,0.00154,0.00467825,0.00467825,0.00467825
67,131.582,2.50494,2.50899,0.00147,0.38211,0.25862,0.25414,0.10894,2.26796,2.16963,0.00154,0.0046733,0.0046733,0.0046733
68,133.042,2.83351,2.52485,0.00159,0.38211,0.25862,0.25414,0.10894,2.26796,2.16963,0.00154,0.00466835,0.00466835,0.00466835
69,134.526,2.80238,2.43272,0.00157,0.38211,0.25862,0.25414,0.10894,2.26796,2.16963,0.00154,0.0046634,0.0046634,0.0046634
70,136.22,2.69879,2.68767,0.00142,0.35323,0.3014,0.25524,0.10936,2.28483,2.13479,0.00153,0.00465845,0.00465845,0.00465845
71,137.636,2.69845,2.69182,0.0014,0.35323,0.3014,0.25524,0.10936,2.28483,2.13479,0.00153,0.0046535,0.0046535,0.0046535
72,139.043,2.63713,2.55847,0.0018,0.35323,0.3014,0.25524,0.10936,2.28483,2.13479,0.00153,0.00464855,0.00464855,0.00464855
73,140.387,2.31438,2.51045,0.00136,0.35323,0.3014,0.25524,0.10936,2.28483,2.13479,0.00153,0.0046436,0.0046436,0.0046436
74,141.805,2.7886,2.70084,0.00157,0.34706,0.27586,0.25191,0.11239,2.21128,2.16084,0.00152,0.00463865,0.00463865,0.00463865
75,143.15,2.27293,2.70256,0.00145,0.34706,0.27586,0.25191,0.11239,2.21128,2.16084,0.00152,0.0046337,0.0046337,0.0046337
76,144.85,2.88049,3.06097,0.00171,0.34706,0.27586,0.25191,0.11239,2.21128,2.16084,0.00152,0.00462875,0.00462875,0.00462875
77,146.155,2.69368,2.70176,0.00145,0.34706,0.27586,0.25191,0.11239,2.21128,2.16084,0.00152,0.0046238,0.0046238,0.0046238
78,147.541,2.75142,2.46093,0.0016,0.37701,0.27136,0.25975,0.11413,2.24929,2.14153,0.00155,0.00461885,0.00461885,0.00461885
79,148.91,2.58913,2.42192,0.00155,0.37701,0.27136,0.25975,0.11413,2.24929,2.14153,0.00155,0.0046139,0.0046139,0.0046139
80,150.314,2.80994,2.64412,0.00166,0.37701,0.27136,0.25975,0.11413,2.24929,2.14153,0.00155,0.00460895,0.00460895,0.00460895
81,151.622,2.41622,2.66419,0.00142,0.37701,0.27136,0.25975,0.11413,2.24929,2.14153,0.00155,0.004604,0.004604,0.004604
82,153.128,2.86751,2.72238,0.00152,0.37211,0.2931,0.26842,0.11523,2.25051,2.14322,0.00154,0.00459905,0.00459905,0.00459905
83,154.38,2.75214,3.02208,0.00158,0.37211,0.2931,0.26842,0.11523,2.25051,2.14322,0.00154,0.0045941,0.0045941,0.0045941
84,155.675,2.49328,2.61263,0.00152,0.37211,0.2931,0.26842,0.11523,2.25051,2.14322,0.00154,0.00458915,0.00458915,0.00458915
85,157.155,2.56377,2.76654,0.00146,0.37211,0.2931,0.26842,0.11523,2.25051,2.14322,0.00154,0.0045842,0.0045842,0.0045842
86,158.686,2.11082,2.39139,0.00139,0.36712,0.2931,0.2729,0.12213,2.29709,2.04283,0.00159,0.00457925,0.00457925,0.00457925
87,160.063,2.77797,2.52726,0.0016,0.36712,0.2931,0.2729,0.12213,2.29709,2.04283,0.00159,0.0045743,0.0045743,0.0045743
88,161.418,2.42187,2.30323,0.00154,0.36712,0.2931,0.2729,0.12213,2.29709,2.04283,0.00159,0.00456935,0.00456935,0.00456935
89,162.876,2.82142,2.60015,0.00175,0.36712,0.2931,0.2729,0.12213,2.29709,2.04283,0.00159,0.0045644,0.0045644,0.0045644
90,164.438,3.00352,2.7879,0.00164,0.33084,0.2931,0.27252,0.12119,2.28998,2.04094,0.00158,0.00455945,0.00455945,0.00455945
91,166.063,2.22459,2.20913,0.00134,0.33084,0.2931,0.27252,0.12119,2.28998,2.04094,0.00158,0.0045545,0.0045545,0.0045545
92,167.492,2.24964,2.41057,0.00133,0.33084,0.2931,0.27252,0.12119,2.28998,2.04094,0.00158,0.00454955,0.00454955,0.00454955
93,168.931,2.53278,2.43406,0.00149,0.33084,0.2931,0.27252,0.12119,2.28998,2.04094,0.00158,0.0045446,0.0045446,0.0045446
94,170.491,2.65087,2.56924,0.00159,0.43302,0.31034,0.30102,0.12954,2.27981,2.11102,0.00154,0.00453965,0.00453965,0.00453965
95,171.981,2.65092,2.5553,0.00139,0.43302,0.31034,0.30102,0.12954,2.27981,2.11102,0.00154,0.0045347,0.0045347,0.0045347
96,173.716,2.47257,2.47977,0.00137,0.43302,0.31034,0.30102,0.12954,2.27981,2.11102,0.00154,0.00452975,0.00452975,0.00452975
97,175.268,2.61844,2.49469,0.00153,0.43302,0.31034,0.30102,0.12954,2.27981,2.11102,0.00154,0.0045248,0.0045248,0.0045248
98,176.816,2.86545,2.75223,0.00153,0.40952,0.2931,0.28862,0.12616,2.28992,2.13761,0.0015,0.00451985,0.00451985,0.00451985
99,178.284,2.74746,2.60674,0.00145,0.40952,0.2931,0.28862,0.12616,2.28992,2.13761,0.0015,0.0045149,0.0045149,0.0045149
100,179.776,2.62326,2.33766,0.00175,0.40952,0.2931,0.28862,0.12616,2.28992,2.13761,0.0015,0.00450995,0.00450995,0.00450995
101,181.319,2.76702,2.41426,0.00167,0.40952,0.2931,0.28862,0.12616,2.28992,2.13761,0.0015,0.004505,0.004505,0.004505
102,182.877,2.79012,2.43071,0.00151,0.40497,0.29336,0.31054,0.13588,2.24738,2.10184,0.00147,0.00450005,0.00450005,0.00450005
103,184.28,2.55546,2.49062,0.00139,0.40497,0.29336,0.31054,0.13588,2.24738,2.10184,0.00147,0.0044951,0.0044951,0.0044951
104,185.836,2.25239,2.41281,0.00147,0.40497,0.29336,0.31054,0.13588,2.24738,2.10184,0.00147,0.00449015,0.00449015,0.00449015
105,187.32,2.62735,2.58554,0.00154,0.40497,0.29336,0.31054,0.13588,2.24738,2.10184,0.00147,0.0044852,0.0044852,0.0044852
106,188.937,2.93133,2.64697,0.00156,0.40841,0.2931,0.30974,0.13893,2.156,1.98935,0.00145,0.00448025,0.00448025,0.00448025
107,190.479,2.57313,2.29638,0.00152,0.40841,0.2931,0.30974,0.13893,2.156,1.98935,0.00145,0.0044753,0.0044753,0.0044753
108,191.93,2.53852,2.2079,0.00143,0.40841,0.2931,0.30974,0.13893,2.156,1.98935,0.00145,0.00447035,0.00447035,0.00447035
109,193.447,2.74938,2.52586,0.00142,0.40841,0.2931,0.30974,0.13893,2.156,1.98935,0.00145,0.0044654,0.0044654,0.0044654
110,195.063,2.67243,2.59799,0.00148,0.43616,0.2931,0.30704,0.13309,2.19744,1.94194,0.00147,0.00446045,0.00446045,0.00446045
111,196.662,2.61481,2.24457,0.00155,0.43616,0.2931,0.30704,0.13309,2.19744,1.94194,0.00147,0.0044555,0.0044555,0.0044555
112,198.137,2.99877,2.38087,0.00155,0.43616,0.2931,0.30704,0.13309,2.19744,1.94194,0.00147,0.00445055,0.00445055,0.00445055
113,199.622,2.62354,2.32261,0.00146,0.43616,0.2931,0.30704,0.13309,2.19744,1.94194,0.00147,0.0044456,0.0044456,0.0044456
114,201.07,2.5878,2.22719,0.0015,0.44081,0.32759,0.30657,0.13364,2.2488,1.89628,0.00151,0.00444065,0.00444065,0.00444065
115,202.499,2.17914,1.94896,0.00125,0.44081,0.32759,0.30657,0.13364,2.2488,1.89628,0.00151,0.0044357,0.0044357,0.0044357
116,203.939,2.32817,2.52777,0.0014,0.44081,0.32759,0.30657,0.13364,2.2488,1.89628,0.00151,0.00443075,0.00443075,0.00443075
117,205.543,2.53294,2.3936,0.00149,0.44081,0.32759,0.30657,0.13364,2.2488,1.89628,0.00151,0.0044258,0.0044258,0.0044258
118,207.053,2.66319,2.43629,0.00146,0.41396,0.34483,0.30077,0.13575,2.24864,1.85824,0.00151,0.00442085,0.00442085,0.00442085
119,208.467,2.21442,2.18744,0.00122,0.41396,0.34483,0.30077,0.13575,2.24864,1.85824,0.00151,0.0044159,0.0044159,0.0044159
120,209.922,2.4523,2.42948,0.00154,0.41396,0.34483,0.30077,0.13575,2.24864,1.85824,0.00151,0.00441095,0.00441095,0.00441095
121,211.409,2.57863,1.95984,0.0015,0.41396,0.34483,0.30077,0.13575,2.24864,1.85824,0.00151,0.004406,0.004406,0.004406
122,212.947,2.62741,2.39823,0.0015,0.46103,0.37931,0.32682,0.14194,2.29559,1.82675,0.00154,0.00440105,0.00440105,0.00440105
123,214.506,2.70681,2.48933,0.00151,0.46103,0.37931,0.32682,0.14194,2.29559,1.82675,0.00154,0.0043961,0.0043961,0.0043961
124,215.935,2.38323,2.17622,0.00126,0.46103,0.37931,0.32682,0.14194,2.29559,1.82675,0.00154,0.00439115,0.00439115,0.00439115
125,217.409,2.59522,2.14649,0.00146,0.46103,0.37931,0.32682,0.14194,2.29559,1.82675,0.00154,0.0043862,0.0043862,0.0043862
126,218.971,2.46242,2.15649,0.00143,0.46986,0.34483,0.34339,0.1422,2.29218,1.81814,0.00156,0.00438125,0.00438125,0.00438125
127,220.66,2.54288,2.39024,0.00139,0.46986,0.34483,0.34339,0.1422,2.29218,1.81814,0.00156,0.0043763,0.0043763,0.0043763
128,222.122,2.4825,2.17224,0.00148,0.46986,0.34483,0.34339,0.1422,2.29218,1.81814,0.00156,0.00437135,0.00437135,0.00437135
129,223.56,2.41398,2.1877,0.00152,0.46986,0.34483,0.34339,0.1422,2.29218,1.81814,0.00156,0.0043664,0.0043664,0.0043664
130,225.148,2.47696,1.98116,0.00141,0.41431,0.34483,0.3184,0.1401,2.31357,1.80861,0.00155,0.00436145,0.00436145,0.00436145
131,226.545,2.79663,2.07709,0.00151,0.41431,0.34483,0.3184,0.1401,2.31357,1.80861,0.00155,0.0043565,0.0043565,0.0043565
132,228.078,2.37241,2.4849,0.00132,0.41431,0.34483,0.3184,0.1401,2.31357,1.80861,0.00155,0.00435155,0.00435155,0.00435155
133,229.479,2.38679,2.24928,0.00144,0.41431,0.34483,0.3184,0.1401,2.31357,1.80861,0.00155,0.0043466,0.0043466,0.0043466
134,230.969,2.75856,2.10814,0.00153,0.40357,0.37931,0.33112,0.13587,2.34789,1.77915,0.00158,0.00434165,0.00434165,0.00434165
135,232.452,2.57968,2.14239,0.00147,0.40357,0.37931,0.33112,0.13587,2.34789,1.77915,0.00158,0.0043367,0.0043367,0.0043367
136,233.877,2.35507,2.05845,0.00146,0.40357,0.37931,0.33112,0.13587,2.34789,1.77915,0.00158,0.00433175,0.00433175,0.00433175
137,235.509,2.57311,2.00846,0.00163,0.40357,0.37931,0.33112,0.13587,2.34789,1.77915,0.00158,0.0043268,0.0043268,0.0043268
138,236.974,2.70151,2.2753,0.00161,0.44296,0.37931,0.33417,0.14797,2.36303,1.75532,0.00159,0.00432185,0.00432185,0.00432185
139,238.567,2.50285,2.24228,0.00137,0.44296,0.37931,0.33417,0.14797,2.36303,1.75532,0.00159,0.0043169,0.0043169,0.0043169
140,240.048,2.38194,2.10154,0.00143,0.44296,0.37931,0.33417,0.14797,2.36303,1.75532,0.00159,0.00431195,0.00431195,0.00431195
141,241.511,2.77481,2.57511,0.00153,0.44296,0.37931,0.33417,0.14797,2.36303,1.75532,0.00159,0.004307,0.004307,0.004307
142,243.062,2.43783,2.28522,0.00131,0.49004,0.37931,0.34959,0.1643,2.27031,1.80466,0.00151,0.00430205,0.00430205,0.00430205
143,244.548,2.34375,2.25915,0.00124,0.49004,0.37931,0.34959,0.1643,2.27031,1.80466,0.00151,0.0042971,0.0042971,0.0042971
144,246.109,2.59669,2.19468,0.00146,0.49004,0.37931,0.34959,0.1643,2.27031,1.80466,0.00151,0.00429215,0.00429215,0.00429215
145,247.659,2.33219,2.05482,0.0013,0.49004,0.37931,0.34959,0.1643,2.27031,1.80466,0.00151,0.0042872,0.0042872,0.0042872
146,249.227,2.79503,2.3411,0.00145,0.47722,0.29915,0.35584,0.16249,2.25468,1.84389,0.00148,0.00428225,0.00428225,0.00428225
147,250.964,2.45534,2.16491,0.00135,0.47722,0.29915,0.35584,0.16249,2.25468,1.84389,0.00148,0.0042773,0.0042773,0.0042773
148,252.476,2.58111,2.31111,0.00145,0.47722,0.29915,0.35584,0.16249,2.25468,1.84389,0.00148,0.00427235,0.00427235,0.00427235
149,254.027,2.67048,2.22987,0.00128,0.47722,0.29915,0.35584,0.16249,2.25468,1.84389,0.00148,0.0042674,0.0042674,0.0042674
150,255.567,2.50731,2.1952,0.00132,0.45641,0.32759,0.36948,0.15642,2.29727,1.78337,0.00147,0.00426245,0.00426245,0.00426245
151,257.304,2.79907,2.36361,0.00147,0.45641,0.32759,0.36948,0.15642,2.29727,1.78337,0.00147,0.0042575,0.0042575,0.0042575
152,258.878,2.52144,2.19382,0.00143,0.45641,0.32759,0.36948,0.15642,2.29727,1.78337,0.00147,0.00425255,0.00425255,0.00425255
153,260.43,2.12492,1.96022,0.00125,0.45641,0.32759,0.36948,0.15642,2.29727,1.78337,0.00147,0.0042476,0.0042476,0.0042476
154,262.102,2.31312,2.00083,0.00134,0.46394,0.41379,0.37848,0.16401,2.2465,1.73383,0.00146,0.00424265,0.00424265,0.00424265
155,263.64,2.37863,2.02612,0.00126,0.46394,0.41379,0.37848,0.16401,2.2465,1.73383,0.00146,0.0042377,0.0042377,0.0042377
156,265.435,2.32441,1.90668,0.00144,0.46394,0.41379,0.37848,0.16401,2.2465,1.73383,0.00146,0.00423275,0.00423275,0.00423275
157,266.969,2.14667,1.94816,0.00127,0.46394,0.41379,0.37848,0.16401,2.2465,1.73383,0.00146,0.0042278,0.0042278,0.0042278
158,268.601,2.13138,1.81021,0.00114,0.46024,0.39694,0.37555,0.1617,2.28389,1.71565,0.00146,0.00422285,0.00422285,0.00422285
159,270.118,2.58955,2.13126,0.00134,0.46024,0.39694,0.37555,0.1617,2.28389,1.71565,0.00146,0.0042179,0.0042179,0.0042179
160,271.563,2.28458,2.01524,0.00135,0.46024,0.39694,0.37555,0.1617,2.28389,1.71565,0.00146,0.00421295,0.00421295,0.00421295
161,273.21,2.62268,2.06011,0.00135,0.46024,0.39694,0.37555,0.1617,2.28389,1.71565,0.00146,0.004208,0.004208,0.004208
162,274.712,2.46898,2.20908,0.00138,0.50515,0.41379,0.39253,0.16807,2.23955,1.70574,0.00147,0.00420305,0.00420305,0.00420305
163,276.187,2.70341,2.31411,0.00138,0.50515,0.41379,0.39253,0.16807,2.23955,1.70574,0.00147,0.0041981,0.0041981,0.0041981
164,277.678,2.09683,1.99728,0.00133,0.50515,0.41379,0.39253,0.16807,2.23955,1.70574,0.00147,0.00419315,0.00419315,0.00419315
165,279.195,2.74513,2.32133,0.00138,0.50515,0.41379,0.39253,0.16807,2.23955,1.70574,0.00147,0.0041882,0.0041882,0.0041882
166,280.834,2.19477,1.9963,0.00131,0.48942,0.43103,0.38954,0.16412,2.2279,1.73117,0.00145,0.00418325,0.00418325,0.00418325
167,282.316,2.58503,2.02845,0.00133,0.48942,0.43103,0.38954,0.16412,2.2279,1.73117,0.00145,0.0041783,0.0041783,0.0041783
168,283.799,2.31264,2.08256,0.00133,0.48942,0.43103,0.38954,0.16412,2.2279,1.73117,0.00145,0.00417335,0.00417335,0.00417335
169,285.258,2.4663,2.21785,0.00133,0.48942,0.43103,0.38954,0.16412,2.2279,1.73117,0.00145,0.0041684,0.0041684,0.0041684
170,286.783,2.83699,2.16427,0.00134,0.48018,0.41379,0.38846,0.16489,2.22791,1.71757,0.00145,0.00416345,0.00416345,0.00416345
171,288.41,2.49421,2.0299,0.00126,0.48018,0.41379,0.38846,0.16489,2.22791,1.71757,0.00145,0.0041585,0.0041585,0.0041585
172,289.884,2.29782,1.97624,0.0012,0.48018,0.41379,0.38846,0.16489,2.22791,1.71757,0.00145,0.00415355,0.00415355,0.00415355
173,291.328,2.06836,1.91987,0.00134,0.48018,0.41379,0.38846,0.16489,2.22791,1.71757,0.00145,0.0041486,0.0041486,0.0041486
174,292.74,2.30444,1.76403,0.00136,0.49166,0.39655,0.40125,0.16988,2.23366,1.6692,0.00146,0.00414365,0.00414365,0.00414365
175,294.195,2.37719,2.10597,0.00126,0.49166,0.39655,0.40125,0.16988,2.23366,1.6692,0.00146,0.0041387,0.0041387,0.0041387
176,295.924,2.21894,1.98743,0.00138,0.49166,0.39655,0.40125,0.16988,2.23366,1.6692,0.00146,0.00413375,0.00413375,0.00413375
177,297.506,1.89022,1.75478,0.00103,0.49166,0.39655,0.40125,0.16988,2.23366,1.6692,0.00146,0.0041288,0.0041288,0.0041288
178,299.03,2.66983,2.34438,0.00139,0.45387,0.46552,0.40817,0.17491,2.24442,1.71711,0.00144,0.00412385,0.00412385,0.00412385
179,300.467,2.40947,2.37257,0.00125,0.45387,0.46552,0.40817,0.17491,2.24442,1.71711,0.00144,0.0041189,0.0041189,0.0041189
180,301.913,2.6265,2.04965,0.00131,0.45387,0.46552,0.40817,0.17491,2.24442,1.71711,0.00144,0.00411395,0.00411395,0.00411395
181,303.476,2.55352,2.2493,0.00134,0.45387,0.46552,0.40817,0.17491,2.24442,1.71711,0.00144,0.004109,0.004109,0.004109
182,305.159,2.19754,2.07671,0.00121,0.4604,0.46552,0.41933,0.1902,2.16928,1.69356,0.00144,0.00410405,0.00410405,0.00410405
183,306.714,2.31257,2.16597,0.00118,0.4604,0.46552,0.41933,0.1902,2.16928,1.69356,0.00144,0.0040991,0.0040991,0.0040991
184,308.212,2.25586,1.96048,0.00126,0.4604,0.46552,0.41933,0.1902,2.16928,1.69356,0.00144,0.00409415,0.00409415,0.00409415
185,309.714,2.06698,2.22434,0.00115,0.4604,0.46552,0.41933,0.1902,2.16928,1.69356,0.00144,0.0040892,0.0040892,0.0040892
186,311.401,2.34429,2.00099,0.00128,0.42118,0.44828,0.38904,0.18862,2.16531,1.68314,0.00143,0.00408425,0.00408425,0.00408425
187,312.805,2.40162,2.01133,0.00142,0.42118,0.44828,0.38904,0.18862,2.16531,1.68314,0.00143,0.0040793,0.0040793,0.0040793
188,314.349,2.4113,1.95241,0.00141,0.42118,0.44828,0.38904,0.18862,2.16531,1.68314,0.00143,0.00407435,0.00407435,0.00407435
189,315.836,2.23866,2.14886,0.00119,0.42118,0.44828,0.38904,0.18862,2.16531,1.68314,0.00143,0.0040694,0.0040694,0.0040694
190,317.344,2.27381,1.89406,0.00136,0.45279,0.44828,0.40143,0.19143,2.23279,1.60562,0.00147,0.00406445,0.00406445,0.00406445
191,318.811,2.64109,2.21556,0.0013,0.45279,0.44828,0.40143,0.19143,2.23279,1.60562,0.00147,0.0040595,0.0040595,0.0040595
192,320.316,2.16782,2.12942,0.00115,0.45279,0.44828,0.40143,0.19143,2.23279,1.60562,0.00147,0.00405455,0.00405455,0.00405455
193,321.734,2.76109,2.04448,0.00143,0.45279,0.44828,0.40143,0.19143,2.23279,1.60562,0.00147,0.0040496,0.0040496,0.0040496
194,323.186,2.73144,2.2683,0.00127,0.43549,0.48276,0.4075,0.18818,2.24404,1.57678,0.0015,0.00404465,0.00404465,0.00404465
195,324.659,3.32622,2.49683,0.00159,0.43549,0.48276,0.4075,0.18818,2.24404,1.57678,0.0015,0.0040397,0.0040397,0.0040397
196,326.261,2.12204,1.82689,0.00123,0.43549,0.48276,0.4075,0.18818,2.24404,1.57678,0.0015,0.00403475,0.00403475,0.00403475
197,327.783,2.17175,1.91481,0.00114,0.43549,0.48276,0.4075,0.18818,2.24404,1.57678,0.0015,0.0040298,0.0040298,0.0040298
198,329.294,2.71276,2.23309,0.00139,0.44292,0.45242,0.42501,0.18012,2.25004,1.70054,0.00146,0.00402485,0.00402485,0.00402485
199,330.754,2.5451,2.1336,0.00127,0.44292,0.45242,0.42501,0.18012,2.25004,1.70054,0.00146,0.0040199,0.0040199,0.0040199
200,332.176,2.22855,1.75253,0.00121,0.44292,0.45242,0.42501,0.18012,2.25004,1.70054,0.00146,0.00401495,0.00401495,0.00401495
201,333.566,2.63042,2.27207,0.00136,0.44292,0.45242,0.42501,0.18012,2.25004,1.70054,0.00146,0.00401,0.00401,0.00401
202,335.141,2.20506,1.90361,0.00126,0.4373,0.44223,0.42849,0.18137,2.28832,1.68288,0.00152,0.00400505,0.00400505,0.00400505
203,336.813,2.16322,2.1289,0.00116,0.4373,0.44223,0.42849,0.18137,2.28832,1.68288,0.00152,0.0040001,0.0040001,0.0040001
204,338.186,2.34212,1.98054,0.00118,0.4373,0.44223,0.42849,0.18137,2.28832,1.68288,0.00152,0.00399515,0.00399515,0.00399515
205,339.549,2.30808,1.81513,0.00144,0.4373,0.44223,0.42849,0.18137,2.28832,1.68288,0.00152,0.0039902,0.0039902,0.0039902
206,341.063,2.46165,2.07326,0.00132,0.45446,0.44529,0.43646,0.18277,2.32404,1.67777,0.00153,0.00398525,0.00398525,0.00398525
207,342.766,2.20908,1.83374,0.00124,0.45446,0.44529,0.43646,0.18277,2.32404,1.67777,0.00153,0.0039803,0.0039803,0.0039803
208,344.258,2.43052,1.9843,0.00125,0.45446,0.44529,0.43646,0.18277,2.32404,1.67777,0.00153,0.00397535,0.00397535,0.00397535
209,345.696,2.38121,2.13614,0.00118,0.45446,0.44529,0.43646,0.18277,2.32404,1.67777,0.00153,0.0039704,0.0039704,0.0039704
210,347.238,2.2323,1.74522,0.0012,0.43053,0.5,0.4408,0.18246,2.33008,1.64714,0.00152,0.00396545,0.00396545,0.00396545
211,348.819,2.64166,2.04757,0.00137,0.43053,0.5,0.4408,0.18246,2.33008,1.64714,0.00152,0.0039605,0.0039605,0.0039605
212,350.466,2.48251,1.87909,0.0012,0.43053,0.5,0.4408,0.18246,2.33008,1.64714,0.00152,0.00395555,0.00395555,0.00395555
213,352.031,1.97394,1.54227,0.00119,0.43053,0.5,0.4408,0.18246,2.33008,1.64714,0.00152,0.0039506,0.0039506,0.0039506
214,353.651,2.20384,1.88979,0.00134,0.70735,0.34483,0.46056,0.20679,2.31371,1.54907,0.00155,0.00394565,0.00394565,0.00394565
215,355.225,2.40223,1.98059,0.00124,0.70735,0.34483,0.46056,0.20679,2.31371,1.54907,0.00155,0.0039407,0.0039407,0.0039407
216,356.676,2.22627,1.81689,0.0011,0.70735,0.34483,0.46056,0.20679,2.31371,1.54907,0.00155,0.00393575,0.00393575,0.00393575
217,358.327,2.31782,1.89263,0.0014,0.70735,0.34483,0.46056,0.20679,2.31371,1.54907,0.00155,0.0039308,0.0039308,0.0039308
218,359.895,2.15742,1.72109,0.00119,0.43053,0.53448,0.46721,0.20391,2.29383,1.57088,0.00152,0.00392585,0.00392585,0.00392585
219,361.432,2.11053,1.47297,0.00121,0.43053,0.53448,0.46721,0.20391,2.29383,1.57088,0.00152,0.0039209,0.0039209,0.0039209
220,362.878,2.70203,2.07741,0.00131,0.43053,0.53448,0.46721,0.20391,2.29383,1.57088,0.00152,0.00391595,0.00391595,0.00391595
221,364.334,2.65523,2.19254,0.00134,0.43053,0.53448,0.46721,0.20391,2.29383,1.57088,0.00152,0.003911,0.003911,0.003911
222,365.953,2.66558,2.2677,0.00125,0.61081,0.36207,0.47703,0.20503,2.28917,1.64262,0.00149,0.00390605,0.00390605,0.00390605
223,367.481,2.63787,1.88628,0.00123,0.61081,0.36207,0.47703,0.20503,2.28917,1.64262,0.00149,0.0039011,0.0039011,0.0039011
224,368.996,2.38423,2.09801,0.00128,0.61081,0.36207,0.47703,0.20503,2.28917,1.64262,0.00149,0.00389615,0.00389615,0.00389615
225,370.568,2.23938,1.84141,0.0013,0.61081,0.36207,0.47703,0.20503,2.28917,1.64262,0.00149,0.0038912,0.0038912,0.0038912
226,372.114,2.4288,1.76066,0.00125,0.49228,0.44828,0.46733,0.20176,2.28777,1.6801,0.00149,0.00388625,0.00388625,0.00388625
227,373.741,2.18702,1.8755,0.00131,0.49228,0.44828,0.46733,0.20176,2.28777,1.6801,0.00149,0.0038813,0.0038813,0.0038813
228,375.25,2.38818,1.71672,0.00131,0.49228,0.44828,0.46733,0.20176,2.28777,1.6801,0.00149,0.00387635,0.00387635,0.00387635
229,376.809,2.23654,1.68794,0.00116,0.49228,0.44828,0.46733,0.20176,2.28777,1.6801,0.00149,0.0038714,0.0038714,0.0038714
230,378.295,2.32673,1.67257,0.00127,0.47663,0.43973,0.45526,0.21426,2.24497,1.56724,0.0015,0.00386645,0.00386645,0.00386645
231,379.84,2.3855,2.02877,0.00123,0.47663,0.43973,0.45526,0.21426,2.24497,1.56724,0.0015,0.0038615,0.0038615,0.0038615
232,381.365,2.21772,1.74424,0.00113,0.47663,0.43973,0.45526,0.21426,2.24497,1.56724,0.0015,0.00385655,0.00385655,0.00385655
233,382.758,2.64077,2.11386,0.00134,0.47663,0.43973,0.45526,0.21426,2.24497,1.56724,0.0015,0.0038516,0.0038516,0.0038516
234,384.161,2.33928,1.7734,0.00121,0.48859,0.42831,0.44913,0.19297,2.24344,1.59932,0.0015,0.00384665,0.00384665,0.00384665
235,385.541,1.97591,1.75956,0.00115,0.48859,0.42831,0.44913,0.19297,2.24344,1.59932,0.0015,0.0038417,0.0038417,0.0038417
236,386.96,1.92143,1.60536,0.0011,0.48859,0.42831,0.44913,0.19297,2.24344,1.59932,0.0015,0.00383675,0.00383675,0.00383675
237,388.429,2.08914,1.68792,0.0012,0.48859,0.42831,0.44913,0.19297,2.24344,1.59932,0.0015,0.0038318,0.0038318,0.0038318
238,389.806,2.19445,1.7225,0.00125,0.52357,0.41379,0.44636,0.19004,2.23638,1.58191,0.00152,0.00382685,0.00382685,0.00382685
239,391.227,2.40209,2.12978,0.00119,0.52357,0.41379,0.44636,0.19004,2.23638,1.58191,0.00152,0.0038219,0.0038219,0.0038219
240,392.707,2.31162,1.7744,0.00115,0.52357,0.41379,0.44636,0.19004,2.23638,1.58191,0.00152,0.00381695,0.00381695,0.00381695
241,394.291,2.29564,2.0851,0.00123,0.52357,0.41379,0.44636,0.19004,2.23638,1.58191,0.00152,0.003812,0.003812,0.003812
242,395.928,2.40411,1.79058,0.00136,0.52185,0.41379,0.45117,0.19317,2.25987,1.59426,0.00151,0.00380705,0.00380705,0.00380705
243,397.435,2.23297,1.6374,0.00118,0.52185,0.41379,0.45117,0.19317,2.25987,1.59426,0.00151,0.0038021,0.0038021,0.0038021
244,398.907,2.58872,1.94765,0.00136,0.52185,0.41379,0.45117,0.19317,2.25987,1.59426,0.00151,0.00379715,0.00379715,0.00379715
245,400.341,2.45604,1.86437,0.00121,0.52185,0.41379,0.45117,0.19317,2.25987,1.59426,0.00151,0.0037922,0.0037922,0.0037922
246,401.838,2.5243,1.93252,0.00136,0.52512,0.44828,0.46554,0.19853,2.25785,1.54452,0.0015,0.00378725,0.00378725,0.00378725
247,403.501,2.3246,1.91137,0.00122,0.52512,0.44828,0.46554,0.19853,2.25785,1.54452,0.0015,0.0037823,0.0037823,0.0037823
248,405.137,2.64119,2.00268,0.00122,0.52512,0.44828,0.46554,0.19853,2.25785,1.54452,0.0015,0.00377735,0.00377735,0.00377735
249,406.661,2.06257,1.58506,0.00115,0.52512,0.44828,0.46554,0.19853,2.25785,1.54452,0.0015,0.0037724,0.0037724,0.0037724
250,408.168,2.56281,1.86814,0.0013,0.54914,0.5,0.48446,0.21631,2.27262,1.52616,0.00149,0.00376745,0.00376745,0.00376745
251,409.71,2.76734,2.03998,0.0013,0.54914,0.5,0.48446,0.21631,2.27262,1.52616,0.00149,0.0037625,0.0037625,0.0037625
252,411.273,2.79801,2.06169,0.00131,0.54914,0.5,0.48446,0.21631,2.27262,1.52616,0.00149,0.00375755,0.00375755,0.00375755
253,412.988,2.01359,1.75292,0.00097,0.54914,0.5,0.48446,0.21631,2.27262,1.52616,0.00149,0.0037526,0.0037526,0.0037526
254,414.555,2.62215,1.9989,0.00124,0.56949,0.44828,0.46146,0.20242,2.27164,1.59916,0.00148,0.00374765,0.00374765,0.00374765
255,416,2.33407,1.80595,0.00127,0.56949,0.44828,0.46146,0.20242,2.27164,1.59916,0.00148,0.0037427,0.0037427,0.0037427
256,417.434,2.43587,1.7183,0.00124,0.56949,0.44828,0.46146,0.20242,2.27164,1.59916,0.00148,0.00373775,0.00373775,0.00373775
257,418.866,2.40719,1.71892,0.00123,0.56949,0.44828,0.46146,0.20242,2.27164,1.59916,0.00148,0.0037328,0.0037328,0.0037328
258,420.567,2.20628,1.70379,0.0011,0.61029,0.46552,0.48388,0.21471,2.23856,1.60548,0.00146,0.00372785,0.00372785,0.00372785
259,421.941,2.52009,1.9037,0.00132,0.61029,0.46552,0.48388,0.21471,2.23856,1.60548,0.00146,0.0037229,0.0037229,0.0037229
260,423.431,2.07794,1.68522,0.00119,0.61029,0.46552,0.48388,0.21471,2.23856,1.60548,0.00146,0.00371795,0.00371795,0.00371795
261,424.697,2.5255,2.04276,0.00115,0.61029,0.46552,0.48388,0.21471,2.23856,1.60548,0.00146,0.003713,0.003713,0.003713
262,426.292,2.33624,1.88345,0.00117,0.57284,0.43941,0.49361,0.22279,2.23313,1.51043,0.00148,0.00370805,0.00370805,0.00370805
263,427.987,2.43873,1.89272,0.00128,0.57284,0.43941,0.49361,0.22279,2.23313,1.51043,0.00148,0.0037031,0.0037031,0.0037031
264,429.563,2.14838,1.5679,0.00126,0.57284,0.43941,0.49361,0.22279,2.23313,1.51043,0.00148,0.00369815,0.00369815,0.00369815
265,431.086,2.18774,1.67584,0.00116,0.57284,0.43941,0.49361,0.22279,2.23313,1.51043,0.00148,0.0036932,0.0036932,0.0036932
266,432.611,2.42518,1.7502,0.00128,0.53376,0.4738,0.496,0.21412,2.22399,1.57787,0.00146,0.00368825,0.00368825,0.00368825
267,434.103,2.27157,1.87045,0.00131,0.53376,0.4738,0.496,0.21412,2.22399,1.57787,0.00146,0.0036833,0.0036833,0.0036833
268,435.7,2.13871,1.6769,0.00128,0.53376,0.4738,0.496,0.21412,2.22399,1.57787,0.00146,0.00367835,0.00367835,0.00367835
269,437.197,2.4147,1.75156,0.00121,0.53376,0.4738,0.496,0.21412,2.22399,1.57787,0.00146,0.0036734,0.0036734,0.0036734
270,438.713,2.26867,1.4989,0.00122,0.56136,0.5,0.50626,0.22175,2.24314,1.57109,0.00145,0.00366845,0.00366845,0.00366845
271,440.305,2.391,1.90972,0.00123,0.56136,0.5,0.50626,0.22175,2.24314,1.57109,0.00145,0.0036635,0.0036635,0.0036635
272,441.786,1.93197,1.61066,0.00109,0.56136,0.5,0.50626,0.22175,2.24314,1.57109,0.00145,0.00365855,0.00365855,0.00365855
273,443.409,2.23225,1.78117,0.00109,0.56136,0.5,0.50626,0.22175,2.24314,1.57109,0.00145,0.0036536,0.0036536,0.0036536
274,444.921,2.19172,1.59258,0.00112,0.4985,0.46552,0.47714,0.20587,2.24661,1.58899,0.00144,0.00364865,0.00364865,0.00364865
275,446.386,2.30161,1.82577,0.00119,0.4985,0.46552,0.47714,0.20587,2.24661,1.58899,0.00144,0.0036437,0.0036437,0.0036437
276,447.919,2.32392,1.69882,0.00118,0.4985,0.46552,0.47714,0.20587,2.24661,1.58899,0.00144,0.00363875,0.00363875,0.00363875
277,449.283,2.30147,1.61176,0.00117,0.4985,0.46552,0.47714,0.20587,2.24661,1.58899,0.00144,0.0036338,0.0036338,0.0036338
278,450.857,2.53316,1.92405,0.00124,0.59585,0.41379,0.46338,0.19775,2.21791,1.64139,0.00143,0.00362885,0.00362885,0.00362885
279,452.355,2.52745,1.84205,0.00121,0.59585,0.41379,0.46338,0.19775,2.21791,1.64139,0.00143,0.0036239,0.0036239,0.0036239
280,453.77,2.34278,1.68675,0.00123,0.59585,0.41379,0.46338,0.19775,2.21791,1.64139,0.00143,0.00361895,0.00361895,0.00361895
281,455.264,2.70013,1.90505,0.00131,0.59585,0.41379,0.46338,0.19775,2.21791,1.64139,0.00143,0.003614,0.003614,0.003614
282,456.688,1.98249,1.57195,0.001,0.55204,0.43103,0.44627,0.19142,2.17843,1.65007,0.00141,0.00360905,0.00360905,0.00360905
283,458.266,2.36871,1.77761,0.00129,0.55204,0.43103,0.44627,0.19142,2.17843,1.65007,0.00141,0.0036041,0.0036041,0.0036041
284,459.841,2.60878,1.94953,0.00118,0.55204,0.43103,0.44627,0.19142,2.17843,1.65007,0.00141,0.00359915,0.00359915,0.00359915
285,461.423,2.17898,1.98722,0.00113,0.55204,0.43103,0.44627,0.19142,2.17843,1.65007,0.00141,0.0035942,0.0035942,0.0035942
286,462.948,2.59464,1.8902,0.00122,0.55076,0.44828,0.47261,0.20737,2.1717,1.62758,0.00139,0.00358925,0.00358925,0.00358925
287,464.456,2.25932,1.74668,0.00133,0.55076,0.44828,0.47261,0.20737,2.1717,1.62758,0.00139,0.0035843,0.0035843,0.0035843
288,465.993,2.04154,1.63382,0.0011,0.55076,0.44828,0.47261,0.20737,2.1717,1.62758,0.00139,0.00357935,0.00357935,0.00357935
289,467.373,2.22833,1.65242,0.0012,0.55076,0.44828,0.47261,0.20737,2.1717,1.62758,0.00139,0.0035744,0.0035744,0.0035744
290,468.784,2.25065,1.71118,0.00124,0.51698,0.49827,0.49519,0.21721,2.10121,1.61802,0.00137,0.00356945,0.00356945,0.00356945
291,470.207,2.30944,1.74728,0.00122,0.51698,0.49827,0.49519,0.21721,2.10121,1.61802,0.00137,0.0035645,0.0035645,0.0035645
292,471.719,2.55823,1.78839,0.00124,0.51698,0.49827,0.49519,0.21721,2.10121,1.61802,0.00137,0.00355955,0.00355955,0.00355955
293,473.271,1.79527,1.49643,0.00095,0.51698,0.49827,0.49519,0.21721,2.10121,1.61802,0.00137,0.0035546,0.0035546,0.0035546
294,474.85,2.40433,1.65797,0.00131,0.55236,0.48276,0.51157,0.21911,2.12749,1.6078,0.00143,0.00354965,0.00354965,0.00354965
295,476.346,2.49793,1.87922,0.00148,0.55236,0.48276,0.51157,0.21911,2.12749,1.6078,0.00143,0.0035447,0.0035447,0.0035447
296,477.862,2.1842,1.48878,0.00134,0.55236,0.48276,0.51157,0.21911,2.12749,1.6078,0.00143,0.00353975,0.00353975,0.00353975
297,479.339,2.09691,1.69541,0.00132,0.55236,0.48276,0.51157,0.21911,2.12749,1.6078,0.00143,0.0035348,0.0035348,0.0035348
298,481.015,2.32059,1.62399,0.00126,0.63458,0.47913,0.51399,0.21448,2.2697,1.54213,0.00152,0.00352985,0.00352985,0.00352985
299,482.573,2.11898,1.74951,0.00117,0.63458,0.47913,0.51399,0.21448,2.2697,1.54213,0.00152,0.0035249,0.0035249,0.0035249
300,484.099,2.54566,2.03023,0.00141,0.63458,0.47913,0.51399,0.21448,2.2697,1.54213,0.00152,0.00351995,0.00351995,0.00351995
301,485.538,2.15462,1.75402,0.00103,0.63458,0.47913,0.51399,0.21448,2.2697,1.54213,0.00152,0.003515,0.003515,0.003515
302,487.028,2.4235,1.91749,0.00134,0.63508,0.48014,0.50978,0.22767,2.15767,1.5906,0.00144,0.00351005,0.00351005,0.00351005
303,488.735,2.0098,1.57775,0.00111,0.63508,0.48014,0.50978,0.22767,2.15767,1.5906,0.00144,0.0035051,0.0035051,0.0035051
304,490.319,2.39837,2.05308,0.00125,0.63508,0.48014,0.50978,0.22767,2.15767,1.5906,0.00144,0.00350015,0.00350015,0.00350015
305,491.94,2.32884,1.66964,0.00117,0.63508,0.48014,0.50978,0.22767,2.15767,1.5906,0.00144,0.0034952,0.0034952,0.0034952
306,493.48,2.16545,1.61848,0.00119,0.63795,0.5,0.50657,0.23798,2.09629,1.57432,0.00138,0.00349025,0.00349025,0.00349025
307,495.062,2.57333,2.04811,0.00123,0.63795,0.5,0.50657,0.23798,2.09629,1.57432,0.00138,0.0034853,0.0034853,0.0034853
308,496.595,2.1668,1.7082,0.0011,0.63795,0.5,0.50657,0.23798,2.09629,1.57432,0.00138,0.00348035,0.00348035,0.00348035
309,498.254,2.11693,1.62746,0.00121,0.63795,0.5,0.50657,0.23798,2.09629,1.57432,0.00138,0.0034754,0.0034754,0.0034754
310,499.836,2.69576,1.94007,0.00142,0.6723,0.49529,0.50781,0.24183,2.12925,1.5616,0.0014,0.00347045,0.00347045,0.00347045
311,501.332,2.55426,1.92198,0.00123,0.6723,0.49529,0.50781,0.24183,2.12925,1.5616,0.0014,0.0034655,0.0034655,0.0034655
312,502.73,2.10275,1.58733,0.00106,0.6723,0.49529,0.50781,0.24183,2.12925,1.5616,0.0014,0.00346055,0.00346055,0.00346055
313,504.136,2.27146,1.48108,0.00115,0.6723,0.49529,0.50781,0.24183,2.12925,1.5616,0.0014,0.0034556,0.0034556,0.0034556
314,505.679,2.0122,1.65441,0.00121,0.67744,0.5,0.52262,0.25506,2.11772,1.54946,0.00138,0.00345065,0.00345065,0.00345065
315,507.17,2.57064,1.94659,0.00118,0.67744,0.5,0.52262,0.25506,2.11772,1.54946,0.00138,0.0034457,0.0034457,0.0034457
316,508.662,1.93593,1.5194,0.0011,0.67744,0.5,0.52262,0.25506,2.11772,1.54946,0.00138,0.00344075,0.00344075,0.00344075
317,510.233,2.21749,1.5503,0.0012,0.67744,0.5,0.52262,0.25506,2.11772,1.54946,0.00138,0.0034358,0.0034358,0.0034358
318,511.807,2.20635,1.81439,0.00116,0.72,0.51724,0.53553,0.25832,2.14003,1.48778,0.00141,0.00343085,0.00343085,0.00343085
319,513.234,2.14178,1.64735,0.00112,0.72,0.51724,0.53553,0.25832,2.14003,1.48778,0.00141,0.0034259,0.0034259,0.0034259
320,514.763,2.47419,1.77419,0.00118,0.72,0.51724,0.53553,0.25832,2.14003,1.48778,0.00141,0.00342095,0.00342095,0.00342095
321,516.23,1.72958,1.52983,0.00102,0.72,0.51724,0.53553,0.25832,2.14003,1.48778,0.00141,0.003416,0.003416,0.003416
322,517.79,2.0745,1.70624,0.00107,0.72833,0.5,0.54594,0.25504,2.17998,1.43493,0.00144,0.00341105,0.00341105,0.00341105
323,519.414,2.323,1.64505,0.00117,0.72833,0.5,0.54594,0.25504,2.17998,1.43493,0.00144,0.0034061,0.0034061,0.0034061
324,520.914,2.19887,1.56551,0.00127,0.72833,0.5,0.54594,0.25504,2.17998,1.43493,0.00144,0.00340115,0.00340115,0.00340115
325,522.413,1.99318,1.58966,0.0012,0.72833,0.5,0.54594,0.25504,2.17998,1.43493,0.00144,0.0033962,0.0033962,0.0033962
326,523.998,2.48066,1.59155,0.00126,0.6867,0.49138,0.53628,0.24842,2.2142,1.42164,0.00144,0.00339125,0.00339125,0.00339125
327,525.325,2.38451,1.6328,0.00124,0.6867,0.49138,0.53628,0.24842,2.2142,1.42164,0.00144,0.0033863,0.0033863,0.0033863
328,526.974,2.5617,1.82555,0.00137,0.6867,0.49138,0.53628,0.24842,2.2142,1.42164,0.00144,0.00338135,0.00338135,0.00338135
329,528.499,2.52029,1.98295,0.00128,0.6867,0.49138,0.53628,0.24842,2.2142,1.42164,0.00144,0.0033764,0.0033764,0.0033764
330,530.017,2.37739,1.69617,0.00117,0.59216,0.47573,0.51734,0.25309,2.16335,1.50756,0.00141,0.00337145,0.00337145,0.00337145
331,531.506,2.43099,1.56196,0.00116,0.59216,0.47573,0.51734,0.25309,2.16335,1.50756,0.00141,0.0033665,0.0033665,0.0033665
332,533.015,2.1163,1.55738,0.00116,0.59216,0.47573,0.51734,0.25309,2.16335,1.50756,0.00141,0.00336155,0.00336155,0.00336155
333,534.641,2.51689,1.89917,0.00123,0.59216,0.47573,0.51734,0.25309,2.16335,1.50756,0.00141,0.0033566,0.0033566,0.0033566
334,536.144,2.34131,1.63873,0.0012,0.60109,0.43103,0.49494,0.24401,2.16618,1.53286,0.00142,0.00335165,0.00335165,0.00335165
335,537.625,2.31728,1.75165,0.00119,0.60109,0.43103,0.49494,0.24401,2.16618,1.53286,0.00142,0.0033467,0.0033467,0.0033467
336,539.101,2.15285,1.71262,0.00121,0.60109,0.43103,0.49494,0.24401,2.16618,1.53286,0.00142,0.00334175,0.00334175,0.00334175
337,540.539,2.02858,1.8655,0.0011,0.60109,0.43103,0.49494,0.24401,2.16618,1.53286,0.00142,0.0033368,0.0033368,0.0033368
338,542.142,2.44211,1.70405,0.00115,0.57476,0.44828,0.50112,0.23707,2.13314,1.54785,0.0014,0.00333185,0.00333185,0.00333185
339,543.674,2.26491,1.64695,0.00114,0.57476,0.44828,0.50112,0.23707,2.13314,1.54785,0.0014,0.0033269,0.0033269,0.0033269
340,545.093,1.96602,1.46478,0.00107,0.57476,0.44828,0.50112,0.23707,2.13314,1.54785,0.0014,0.00332195,0.00332195,0.00332195
341,546.567,2.00356,1.70208,0.00106,0.57476,0.44828,0.50112,0.23707,2.13314,1.54785,0.0014,0.003317,0.003317,0.003317
342,548.146,2.12858,1.50598,0.00117,0.5834,0.50712,0.53973,0.24665,2.26771,1.4026,0.00151,0.00331205,0.00331205,0.00331205
343,549.732,2.68679,2.0197,0.00127,0.5834,0.50712,0.53973,0.24665,2.26771,1.4026,0.00151,0.0033071,0.0033071,0.0033071
344,551.108,2.2201,1.63418,0.00107,0.5834,0.50712,0.53973,0.24665,2.26771,1.4026,0.00151,0.00330215,0.00330215,0.00330215
345,552.548,1.8958,1.58728,0.00105,0.5834,0.50712,0.53973,0.24665,2.26771,1.4026,0.00151,0.0032972,0.0032972,0.0032972
346,554.094,2.86306,1.97682,0.00132,0.58489,0.55172,0.54133,0.24814,2.22143,1.4453,0.00147,0.00329225,0.00329225,0.00329225
347,555.568,2.13415,1.59616,0.00114,0.58489,0.55172,0.54133,0.24814,2.22143,1.4453,0.00147,0.0032873,0.0032873,0.0032873
348,557.167,1.88756,1.39108,0.00111,0.58489,0.55172,0.54133,0.24814,2.22143,1.4453,0.00147,0.00328235,0.00328235,0.00328235
349,558.699,2.22385,1.70923,0.00115,0.58489,0.55172,0.54133,0.24814,2.22143,1.4453,0.00147,0.0032774,0.0032774,0.0032774
350,560.154,2.186,1.80165,0.00114,0.64571,0.5,0.55705,0.24814,2.29922,1.42617,0.0015,0.00327245,0.00327245,0.00327245
351,561.726,2.39799,1.5685,0.00124,0.64571,0.5,0.55705,0.24814,2.29922,1.42617,0.0015,0.0032675,0.0032675,0.0032675
352,563.265,2.77813,1.99287,0.00123,0.64571,0.5,0.55705,0.24814,2.29922,1.42617,0.0015,0.00326255,0.00326255,0.00326255
353,564.804,2.28932,1.64818,0.00113,0.64571,0.5,0.55705,0.24814,2.29922,1.42617,0.0015,0.0032576,0.0032576,0.0032576
354,566.307,2.1386,1.79211,0.00122,0.60173,0.51724,0.55555,0.25242,2.29949,1.39339,0.00151,0.00325265,0.00325265,0.00325265
355,567.853,2.13414,1.56632,0.00109,0.60173,0.51724,0.55555,0.25242,2.29949,1.39339,0.00151,0.0032477,0.0032477,0.0032477
356,569.395,2.85529,2.13633,0.00134,0.60173,0.51724,0.55555,0.25242,2.29949,1.39339,0.00151,0.00324275,0.00324275,0.00324275
357,570.924,2.11956,1.57017,0.00105,0.60173,0.51724,0.55555,0.25242,2.29949,1.39339,0.00151,0.0032378,0.0032378,0.0032378
358,572.612,2.32814,1.70911,0.00112,0.60462,0.56897,0.55844,0.24646,2.27994,1.42149,0.00149,0.00323285,0.00323285,0.00323285
359,574.083,1.92055,1.50777,0.00099,0.60462,0.56897,0.55844,0.24646,2.27994,1.42149,0.00149,0.0032279,0.0032279,0.0032279
360,575.549,2.10891,1.64815,0.00103,0.60462,0.56897,0.55844,0.24646,2.27994,1.42149,0.00149,0.00322295,0.00322295,0.00322295
361,577.025,2.19509,1.47837,0.00126,0.60462,0.56897,0.55844,0.24646,2.27994,1.42149,0.00149,0.003218,0.003218,0.003218
362,578.514,2.49271,1.90151,0.00109,0.60138,0.51724,0.55704,0.25949,2.24948,1.40893,0.00148,0.00321305,0.00321305,0.00321305
363,580.024,2.15058,1.50838,0.00106,0.60138,0.51724,0.55704,0.25949,2.24948,1.40893,0.00148,0.0032081,0.0032081,0.0032081
364,581.797,2.34316,1.89537,0.00113,0.60138,0.51724,0.55704,0.25949,2.24948,1.40893,0.00148,0.00320315,0.00320315,0.00320315
365,583.371,2.51678,1.82219,0.0011,0.60138,0.51724,0.55704,0.25949,2.24948,1.40893,0.00148,0.0031982,0.0031982,0.0031982
366,584.896,2.22481,1.64814,0.00112,0.63512,0.51027,0.5427,0.2683,2.20142,1.46072,0.00144,0.00319325,0.00319325,0.00319325
367,586.326,2.29658,1.84183,0.00111,0.63512,0.51027,0.5427,0.2683,2.20142,1.46072,0.00144,0.0031883,0.0031883,0.0031883
368,587.718,2.20227,1.49385,0.00116,0.63512,0.51027,0.5427,0.2683,2.20142,1.46072,0.00144,0.00318335,0.00318335,0.00318335
369,589.34,2.34882,1.85629,0.0012,0.63512,0.51027,0.5427,0.2683,2.20142,1.46072,0.00144,0.0031784,0.0031784,0.0031784
370,590.853,2.32863,1.81154,0.00108,0.65127,0.51724,0.54894,0.27074,2.20784,1.4257,0.00145,0.00317345,0.00317345,0.00317345
371,592.433,2.01205,1.60145,0.00103,0.65127,0.51724,0.54894,0.27074,2.20784,1.4257,0.00145,0.0031685,0.0031685,0.0031685
372,593.999,2.34913,1.70601,0.0011,0.65127,0.51724,0.54894,0.27074,2.20784,1.4257,0.00145,0.00316355,0.00316355,0.00316355
373,595.582,2.19212,1.765,0.00118,0.65127,0.51724,0.54894,0.27074,2.20784,1.4257,0.00145,0.0031586,0.0031586,0.0031586
374,597.293,2.32084,1.6843,0.0011,0.65061,0.5,0.54859,0.26783,2.19052,1.40407,0.00144,0.00315365,0.00315365,0.00315365
375,598.798,2.04686,1.34384,0.00106,0.65061,0.5,0.54859,0.26783,2.19052,1.40407,0.00144,0.0031487,0.0031487,0.0031487
376,600.308,1.91018,1.55082,0.00119,0.65061,0.5,0.54859,0.26783,2.19052,1.40407,0.00144,0.00314375,0.00314375,0.00314375
377,601.771,2.6179,1.80793,0.00118,0.65061,0.5,0.54859,0.26783,2.19052,1.40407,0.00144,0.0031388,0.0031388,0.0031388
378,603.241,2.02673,1.36178,0.00117,0.60632,0.5,0.55442,0.26258,2.17619,1.40407,0.0014,0.00313385,0.00313385,0.00313385
379,604.737,1.85073,1.39932,0.00108,0.60632,0.5,0.55442,0.26258,2.17619,1.40407,0.0014,0.0031289,0.0031289,0.0031289
380,606.344,2.22148,1.6281,0.00113,0.60632,0.5,0.55442,0.26258,2.17619,1.40407,0.0014,0.00312395,0.00312395,0.00312395
381,607.845,2.42648,1.93874,0.0012,0.60632,0.5,0.55442,0.26258,2.17619,1.40407,0.0014,0.003119,0.003119,0.003119
382,609.385,2.3425,1.84323,0.00113,0.66726,0.48276,0.55689,0.26431,2.14436,1.41108,0.0014,0.00311405,0.00311405,0.00311405
383,610.944,2.20334,1.49859,0.00118,0.66726,0.48276,0.55689,0.26431,2.14436,1.41108,0.0014,0.0031091,0.0031091,0.0031091
384,612.737,2.04273,1.57313,0.0012,0.66726,0.48276,0.55689,0.26431,2.14436,1.41108,0.0014,0.00310415,0.00310415,0.00310415
385,614.276,1.92973,1.46356,0.00098,0.66726,0.48276,0.55689,0.26431,2.14436,1.41108,0.0014,0.0030992,0.0030992,0.0030992
386,615.907,2.20968,1.6054,0.00102,0.61715,0.52814,0.55749,0.26276,2.13136,1.42644,0.00139,0.00309425,0.00309425,0.00309425
387,617.447,2.04616,1.71329,0.00113,0.61715,0.52814,0.55749,0.26276,2.13136,1.42644,0.00139,0.0030893,0.0030893,0.0030893
388,618.916,2.28534,1.94157,0.00105,0.61715,0.52814,0.55749,0.26276,2.13136,1.42644,0.00139,0.00308435,0.00308435,0.00308435
389,620.555,1.91059,1.4842,0.00096,0.61715,0.52814,0.55749,0.26276,2.13136,1.42644,0.00139,0.0030794,0.0030794,0.0030794
390,622.03,2.32203,1.6169,0.00123,0.61731,0.55172,0.5646,0.25323,2.15835,1.41602,0.00139,0.00307445,0.00307445,0.00307445
391,623.444,2.19452,1.86286,0.00115,0.61731,0.55172,0.5646,0.25323,2.15835,1.41602,0.00139,0.0030695,0.0030695,0.0030695
392,624.952,1.95859,1.39615,0.00113,0.61731,0.55172,0.5646,0.25323,2.15835,1.41602,0.00139,0.00306455,0.00306455,0.00306455
393,626.476,2.32649,1.43436,0.00113,0.61731,0.55172,0.5646,0.25323,2.15835,1.41602,0.00139,0.0030596,0.0030596,0.0030596
394,628.151,2.08274,1.58003,0.00108,0.63299,0.53527,0.5745,0.25745,2.17025,1.37077,0.00143,0.00305465,0.00305465,0.00305465
395,629.633,2.37883,1.79629,0.00125,0.63299,0.53527,0.5745,0.25745,2.17025,1.37077,0.00143,0.0030497,0.0030497,0.0030497
396,631.188,2.10018,1.33494,0.00111,0.63299,0.53527,0.5745,0.25745,2.17025,1.37077,0.00143,0.00304475,0.00304475,0.00304475
397,632.739,2.19233,1.5112,0.00115,0.63299,0.53527,0.5745,0.25745,2.17025,1.37077,0.00143,0.0030398,0.0030398,0.0030398
398,634.275,1.98874,1.16806,0.0011,0.73387,0.51724,0.58976,0.25595,2.21463,1.37794,0.00146,0.00303485,0.00303485,0.00303485
399,635.91,1.98031,1.37488,0.00116,0.73387,0.51724,0.58976,0.25595,2.21463,1.37794,0.00146,0.0030299,0.0030299,0.0030299
400,637.393,1.99531,1.51875,0.001,0.73387,0.51724,0.58976,0.25595,2.21463,1.37794,0.00146,0.00302495,0.00302495,0.00302495
401,638.854,2.0404,1.34929,0.00109,0.73387,0.51724,0.58976,0.25595,2.21463,1.37794,0.00146,0.00302,0.00302,0.00302
402,640.355,2.21593,1.55084,0.00122,0.70065,0.51724,0.5865,0.25431,2.23434,1.37834,0.00148,0.00301505,0.00301505,0.00301505
403,641.798,1.92003,1.41675,0.00098,0.70065,0.51724,0.5865,0.25431,2.23434,1.37834,0.00148,0.0030101,0.0030101,0.0030101
404,643.213,2.2532,1.64476,0.00106,0.70065,0.51724,0.5865,0.25431,2.23434,1.37834,0.00148,0.00300515,0.00300515,0.00300515
405,644.887,2.02433,1.42864,0.00109,0.70065,0.51724,0.5865,0.25431,2.23434,1.37834,0.00148,0.0030002,0.0030002,0.0030002
406,646.375,1.87998,1.3418,0.00101,0.73535,0.57496,0.59041,0.26707,2.19976,1.37308,0.00145,0.00299525,0.00299525,0.00299525
407,647.919,2.06249,1.46091,0.00113,0.73535,0.57496,0.59041,0.26707,2.19976,1.37308,0.00145,0.0029903,0.0029903,0.0029903
408,649.406,2.2766,1.7298,0.00132,0.73535,0.57496,0.59041,0.26707,2.19976,1.37308,0.00145,0.00298535,0.00298535,0.00298535
409,651.092,2.59952,1.8025,0.00111,0.73535,0.57496,0.59041,0.26707,2.19976,1.37308,0.00145,0.0029804,0.0029804,0.0029804
410,652.676,2.01171,1.46513,0.00107,0.73441,0.60345,0.58896,0.27442,2.16441,1.35648,0.00139,0.00297545,0.00297545,0.00297545
411,654.196,2.13763,1.57176,0.00096,0.73441,0.60345,0.58896,0.27442,2.16441,1.35648,0.00139,0.0029705,0.0029705,0.0029705
412,655.814,2.19883,1.45911,0.00119,0.73441,0.60345,0.58896,0.27442,2.16441,1.35648,0.00139,0.00296555,0.00296555,0.00296555
413,657.457,2.3243,1.63559,0.00115,0.73441,0.60345,0.58896,0.27442,2.16441,1.35648,0.00139,0.0029606,0.0029606,0.0029606
414,659.108,1.99798,1.4693,0.00113,0.72483,0.59047,0.59167,0.27295,2.1766,1.32718,0.00136,0.00295565,0.00295565,0.00295565
415,660.695,2.08753,1.15879,0.00125,0.72483,0.59047,0.59167,0.27295,2.1766,1.32718,0.00136,0.0029507,0.0029507,0.0029507
416,662.197,1.69485,1.05491,0.00097,0.72483,0.59047,0.59167,0.27295,2.1766,1.32718,0.00136,0.00294575,0.00294575,0.00294575
417,663.688,2.16302,1.30566,0.00112,0.72483,0.59047,0.59167,0.27295,2.1766,1.32718,0.00136,0.0029408,0.0029408,0.0029408
418,665.145,2.06997,1.49589,0.0011,0.75172,0.57431,0.58664,0.26897,2.1461,1.31873,0.00136,0.00293585,0.00293585,0.00293585
419,666.587,2.10283,1.55628,0.00109,0.75172,0.57431,0.58664,0.26897,2.1461,1.31873,0.00136,0.0029309,0.0029309,0.0029309
420,668.059,1.97246,1.36288,0.00104,0.75172,0.57431,0.58664,0.26897,2.1461,1.31873,0.00136,0.00292595,0.00292595,0.00292595
421,669.449,2.17979,1.5195,0.00114,0.75172,0.57431,0.58664,0.26897,2.1461,1.31873,0.00136,0.002921,0.002921,0.002921
422,670.936,2.48141,1.81662,0.0012,0.68909,0.55172,0.58109,0.2722,2.10583,1.33639,0.00134,0.00291605,0.00291605,0.00291605
423,672.48,2.21557,1.42703,0.00114,0.68909,0.55172,0.58109,0.2722,2.10583,1.33639,0.00134,0.0029111,0.0029111,0.0029111
424,674.043,2.36093,1.67784,0.00108,0.68909,0.55172,0.58109,0.2722,2.10583,1.33639,0.00134,0.00290615,0.00290615,0.00290615
425,675.495,2.026,1.55915,0.00106,0.68909,0.55172,0.58109,0.2722,2.10583,1.33639,0.00134,0.0029012,0.0029012,0.0029012
426,677.052,2.03741,1.41626,0.00106,0.72651,0.5,0.55999,0.25917,2.11472,1.34506,0.00135,0.00289625,0.00289625,0.00289625
427,678.557,2.12923,1.69695,0.00112,0.72651,0.5,0.55999,0.25917,2.11472,1.34506,0.00135,0.0028913,0.0028913,0.0028913
428,680.013,2.40413,1.59656,0.00114,0.72651,0.5,0.55999,0.25917,2.11472,1.34506,0.00135,0.00288635,0.00288635,0.00288635
429,681.602,1.97115,1.34909,0.00101,0.72651,0.5,0.55999,0.25917,2.11472,1.34506,0.00135,0.0028814,0.0028814,0.0028814
430,683.131,1.93614,1.27246,0.00103,0.73319,0.5,0.54416,0.24839,2.14708,1.42904,0.00137,0.00287645,0.00287645,0.00287645
431,684.646,1.94703,1.5538,0.00112,0.73319,0.5,0.54416,0.24839,2.14708,1.42904,0.00137,0.0028715,0.0028715,0.0028715
432,686.072,2.37368,1.69487,0.00115,0.73319,0.5,0.54416,0.24839,2.14708,1.42904,0.00137,0.00286655,0.00286655,0.00286655
433,687.496,1.97836,1.35287,0.00101,0.73319,0.5,0.54416,0.24839,2.14708,1.42904,0.00137,0.0028616,0.0028616,0.0028616
434,689.211,2.22693,1.58846,0.00112,0.73008,0.5,0.54122,0.23655,2.17093,1.43225,0.00142,0.00285665,0.00285665,0.00285665
435,690.64,2.40678,1.7455,0.00117,0.73008,0.5,0.54122,0.23655,2.17093,1.43225,0.00142,0.0028517,0.0028517,0.0028517
436,692.136,2.38871,1.68525,0.00115,0.73008,0.5,0.54122,0.23655,2.17093,1.43225,0.00142,0.00284675,0.00284675,0.00284675
437,693.481,1.8922,1.28486,0.00089,0.73008,0.5,0.54122,0.23655,2.17093,1.43225,0.00142,0.0028418,0.0028418,0.0028418
438,694.913,1.96898,1.38127,0.00107,0.60456,0.51724,0.55424,0.24734,2.14434,1.44271,0.00141,0.00283685,0.00283685,0.00283685
439,696.532,2.16685,1.46531,0.0011,0.60456,0.51724,0.55424,0.24734,2.14434,1.44271,0.00141,0.0028319,0.0028319,0.0028319
440,697.952,2.20885,1.73065,0.00104,0.60456,0.51724,0.55424,0.24734,2.14434,1.44271,0.00141,0.00282695,0.00282695,0.00282695
441,699.308,2.13721,1.55494,0.00103,0.60456,0.51724,0.55424,0.24734,2.14434,1.44271,0.00141,0.002822,0.002822,0.002822
442,700.64,2.01486,1.29289,0.00111,0.58422,0.51724,0.55291,0.24302,2.12449,1.46859,0.00139,0.00281705,0.00281705,0.00281705
443,701.924,2.05221,1.4207,0.00119,0.58422,0.51724,0.55291,0.24302,2.12449,1.46859,0.00139,0.0028121,0.0028121,0.0028121
444,703.494,2.42769,1.77834,0.00111,0.58422,0.51724,0.55291,0.24302,2.12449,1.46859,0.00139,0.00280715,0.00280715,0.00280715
445,704.862,2.17333,1.65149,0.00107,0.58422,0.51724,0.55291,0.24302,2.12449,1.46859,0.00139,0.0028022,0.0028022,0.0028022
446,706.362,2.07257,1.26028,0.00114,0.57475,0.53448,0.5546,0.24949,2.12654,1.46488,0.00138,0.00279725,0.00279725,0.00279725
447,707.697,2.13212,1.42967,0.00102,0.57475,0.53448,0.5546,0.24949,2.12654,1.46488,0.00138,0.0027923,0.0027923,0.0027923
448,708.935,2.30432,1.6251,0.00131,0.57475,0.53448,0.5546,0.24949,2.12654,1.46488,0.00138,0.00278735,0.00278735,0.00278735
449,710.376,2.19496,1.50638,0.00108,0.57475,0.53448,0.5546,0.24949,2.12654,1.46488,0.00138,0.0027824,0.0027824,0.0027824
450,711.732,2.22555,1.49397,0.00112,0.581,0.56897,0.54584,0.25461,2.14041,1.462,0.00138,0.00277745,0.00277745,0.00277745
451,713.224,1.97385,1.37707,0.001,0.581,0.56897,0.54584,0.25461,2.14041,1.462,0.00138,0.0027725,0.0027725,0.0027725
452,714.731,2.17656,1.7576,0.001,0.581,0.56897,0.54584,0.25461,2.14041,1.462,0.00138,0.00276755,0.00276755,0.00276755
453,716.129,2.20218,1.50629,0.00114,0.581,0.56897,0.54584,0.25461,2.14041,1.462,0.00138,0.0027626,0.0027626,0.0027626
454,717.662,2.20012,1.40482,0.00103,0.70326,0.48276,0.54782,0.26551,2.12018,1.46232,0.00137,0.00275765,0.00275765,0.00275765
455,719.241,2.46231,1.93371,0.00109,0.70326,0.48276,0.54782,0.26551,2.12018,1.46232,0.00137,0.0027527,0.0027527,0.0027527
456,720.672,1.85415,1.22666,0.00097,0.70326,0.48276,0.54782,0.26551,2.12018,1.46232,0.00137,0.00274775,0.00274775,0.00274775
457,722.188,2.05346,1.49987,0.00099,0.70326,0.48276,0.54782,0.26551,2.12018,1.46232,0.00137,0.0027428,0.0027428,0.0027428
458,723.739,2.19107,1.47492,0.00096,0.77911,0.46552,0.54673,0.26649,2.10741,1.45184,0.00136,0.00273785,0.00273785,0.00273785
459,725.265,2.21403,1.47881,0.00104,0.77911,0.46552,0.54673,0.26649,2.10741,1.45184,0.00136,0.0027329,0.0027329,0.0027329
460,726.693,2.44059,1.7842,0.00109,0.77911,0.46552,0.54673,0.26649,2.10741,1.45184,0.00136,0.00272795,0.00272795,0.00272795
461,728.164,2.15684,1.44642,0.00117,0.77911,0.46552,0.54673,0.26649,2.10741,1.45184,0.00136,0.002723,0.002723,0.002723
462,729.618,2.36926,1.73577,0.00106,0.68791,0.5,0.55539,0.27139,2.11363,1.40291,0.00139,0.00271805,0.00271805,0.00271805
463,731.129,2.16883,1.67574,0.0011,0.68791,0.5,0.55539,0.27139,2.11363,1.40291,0.00139,0.0027131,0.0027131,0.0027131
464,732.691,1.81487,1.22883,0.00104,0.68791,0.5,0.55539,0.27139,2.11363,1.40291,0.00139,0.00270815,0.00270815,0.00270815
465,734.217,2.38507,1.61103,0.00117,0.68791,0.5,0.55539,0.27139,2.11363,1.40291,0.00139,0.0027032,0.0027032,0.0027032
466,735.686,2.13952,1.58661,0.00101,0.69887,0.51724,0.56217,0.27027,2.13353,1.39946,0.0014,0.00269825,0.00269825,0.00269825
467,737.117,2.32187,1.69876,0.00103,0.69887,0.51724,0.56217,0.27027,2.13353,1.39946,0.0014,0.0026933,0.0026933,0.0026933
468,738.539,2.20448,1.54864,0.00106,0.69887,0.51724,0.56217,0.27027,2.13353,1.39946,0.0014,0.00268835,0.00268835,0.00268835
469,740.08,2.10799,1.32289,0.00103,0.69887,0.51724,0.56217,0.27027,2.13353,1.39946,0.0014,0.0026834,0.0026834,0.0026834
470,741.536,1.87788,1.27199,0.00093,0.74264,0.5,0.56044,0.25342,2.17485,1.42021,0.0014,0.00267845,0.00267845,0.00267845
471,743.095,2.0255,1.34667,0.00116,0.74264,0.5,0.56044,0.25342,2.17485,1.42021,0.0014,0.0026735,0.0026735,0.0026735
472,744.578,2.27607,1.46439,0.00108,0.74264,0.5,0.56044,0.25342,2.17485,1.42021,0.0014,0.00266855,0.00266855,0.00266855
473,746.084,1.89099,1.23946,0.00101,0.74264,0.5,0.56044,0.25342,2.17485,1.42021,0.0014,0.0026636,0.0026636,0.0026636
474,747.663,2.4546,1.56252,0.0011,0.65155,0.4836,0.5567,0.25144,2.17042,1.42539,0.00141,0.00265865,0.00265865,0.00265865
475,749.043,1.81908,1.3404,0.00097,0.65155,0.4836,0.5567,0.25144,2.17042,1.42539,0.00141,0.0026537,0.0026537,0.0026537
476,750.555,2.08238,1.48821,0.001,0.65155,0.4836,0.5567,0.25144,2.17042,1.42539,0.00141,0.00264875,0.00264875,0.00264875
477,752.117,2.0245,1.26908,0.00113,0.65155,0.4836,0.5567,0.25144,2.17042,1.42539,0.00141,0.0026438,0.0026438,0.0026438
478,753.621,2.05346,1.36939,0.00113,0.67009,0.49037,0.54487,0.2412,2.20215,1.41538,0.00143,0.00263885,0.00263885,0.00263885
479,755.212,2.06416,1.34099,0.00108,0.67009,0.49037,0.54487,0.2412,2.20215,1.41538,0.00143,0.0026339,0.0026339,0.0026339
480,756.666,2.21153,1.46771,0.00117,0.67009,0.49037,0.54487,0.2412,2.20215,1.41538,0.00143,0.00262895,0.00262895,0.00262895
481,758.056,2.06023,1.44802,0.00101,0.67009,0.49037,0.54487,0.2412,2.20215,1.41538,0.00143,0.002624,0.002624,0.002624
482,759.516,1.82372,1.12193,0.00103,0.67394,0.5,0.54127,0.24524,2.16636,1.47008,0.0014,0.00261905,0.00261905,0.00261905
483,760.964,2.26328,1.50637,0.00119,0.67394,0.5,0.54127,0.24524,2.16636,1.47008,0.0014,0.0026141,0.0026141,0.0026141
484,762.656,2.43156,1.72298,0.00104,0.67394,0.5,0.54127,0.24524,2.16636,1.47008,0.0014,0.00260915,0.00260915,0.00260915
485,764.158,2.15927,1.47785,0.00103,0.67394,0.5,0.54127,0.24524,2.16636,1.47008,0.0014,0.0026042,0.0026042,0.0026042
486,765.739,2.21635,1.70929,0.00108,0.73602,0.44828,0.54509,0.24235,2.17096,1.47391,0.00141,0.00259925,0.00259925,0.00259925
487,767.313,2.01019,1.34401,0.00102,0.73602,0.44828,0.54509,0.24235,2.17096,1.47391,0.00141,0.0025943,0.0025943,0.0025943
488,768.818,1.79109,1.23996,0.00107,0.73602,0.44828,0.54509,0.24235,2.17096,1.47391,0.00141,0.00258935,0.00258935,0.00258935
489,770.216,2.07124,1.44086,0.00098,0.73602,0.44828,0.54509,0.24235,2.17096,1.47391,0.00141,0.0025844,0.0025844,0.0025844
490,771.811,2.2086,1.49205,0.0012,0.73439,0.48276,0.56358,0.25006,2.1562,1.50195,0.00139,0.00257945,0.00257945,0.00257945
491,773.114,2.04253,1.4456,0.00108,0.73439,0.48276,0.56358,0.25006,2.1562,1.50195,0.00139,0.0025745,0.0025745,0.0025745
492,774.582,2.14399,1.4029,0.00121,0.73439,0.48276,0.56358,0.25006,2.1562,1.50195,0.00139,0.00256955,0.00256955,0.00256955
493,776,2.08269,1.25003,0.00114,0.73439,0.48276,0.56358,0.25006,2.1562,1.50195,0.00139,0.0025646,0.0025646,0.0025646
494,777.428,1.75733,1.24755,0.00089,0.86174,0.46552,0.58573,0.26477,2.1373,1.44051,0.00139,0.00255965,0.00255965,0.00255965
495,779.047,2.10531,1.36212,0.00117,0.86174,0.46552,0.58573,0.26477,2.1373,1.44051,0.00139,0.0025547,0.0025547,0.0025547
496,780.506,1.86935,1.24105,0.001,0.86174,0.46552,0.58573,0.26477,2.1373,1.44051,0.00139,0.00254975,0.00254975,0.00254975
497,781.96,1.99048,1.39599,0.00101,0.86174,0.46552,0.58573,0.26477,2.1373,1.44051,0.00139,0.0025448,0.0025448,0.0025448
498,783.46,2.00458,1.29178,0.00106,0.83074,0.48276,0.59439,0.26362,2.15591,1.41,0.0014,0.00253985,0.00253985,0.00253985
499,784.867,2.62625,1.69631,0.00114,0.83074,0.48276,0.59439,0.26362,2.15591,1.41,0.0014,0.0025349,0.0025349,0.0025349
500,786.436,2.18454,1.39426,0.00108,0.83074,0.48276,0.59439,0.26362,2.15591,1.41,0.0014,0.00252995,0.00252995,0.00252995
501,788.057,2.02646,1.29427,0.0011,0.83074,0.48276,0.59439,0.26362,2.15591,1.41,0.0014,0.002525,0.002525,0.002525
502,789.593,2.27805,1.5652,0.00109,0.7693,0.51724,0.59917,0.27362,2.13046,1.37216,0.00138,0.00252005,0.00252005,0.00252005
503,791.145,1.93823,1.22628,0.00123,0.7693,0.51724,0.59917,0.27362,2.13046,1.37216,0.00138,0.0025151,0.0025151,0.0025151
504,792.645,2.64362,1.74041,0.00116,0.7693,0.51724,0.59917,0.27362,2.13046,1.37216,0.00138,0.00251015,0.00251015,0.00251015
505,794.285,2.08603,1.32655,0.00096,0.7693,0.51724,0.59917,0.27362,2.13046,1.37216,0.00138,0.0025052,0.0025052,0.0025052
506,795.876,2.22929,1.50469,0.00104,0.7313,0.51724,0.5914,0.26735,2.16165,1.38169,0.00137,0.00250025,0.00250025,0.00250025
507,797.339,2.29595,1.46663,0.00108,0.7313,0.51724,0.5914,0.26735,2.16165,1.38169,0.00137,0.0024953,0.0024953,0.0024953
508,798.798,2.15289,1.3093,0.00114,0.7313,0.51724,0.5914,0.26735,2.16165,1.38169,0.00137,0.00249035,0.00249035,0.00249035
509,800.284,1.91933,1.24034,0.00099,0.7313,0.51724,0.5914,0.26735,2.16165,1.38169,0.00137,0.0024854,0.0024854,0.0024854
510,801.905,2.15108,1.56354,0.00112,0.72646,0.51724,0.57966,0.26998,2.11177,1.37127,0.00135,0.00248045,0.00248045,0.00248045
511,803.38,1.93293,1.31195,0.00104,0.72646,0.51724,0.57966,0.26998,2.11177,1.37127,0.00135,0.0024755,0.0024755,0.0024755
512,804.757,2.35138,1.38917,0.00106,0.72646,0.51724,0.57966,0.26998,2.11177,1.37127,0.00135,0.00247055,0.00247055,0.00247055
513,806.267,2.15102,1.24409,0.00109,0.72646,0.51724,0.57966,0.26998,2.11177,1.37127,0.00135,0.0024656,0.0024656,0.0024656
514,807.767,2.05071,1.33253,0.00103,0.8455,0.4719,0.58443,0.27163,2.11554,1.36998,0.00135,0.00246065,0.00246065,0.00246065
515,809.334,2.19263,1.39713,0.0011,0.8455,0.4719,0.58443,0.27163,2.11554,1.36998,0.00135,0.0024557,0.0024557,0.0024557
516,810.769,2.17879,1.44951,0.00106,0.8455,0.4719,0.58443,0.27163,2.11554,1.36998,0.00135,0.00245075,0.00245075,0.00245075
517,812.249,2.16008,1.32658,0.00102,0.8455,0.4719,0.58443,0.27163,2.11554,1.36998,0.00135,0.0024458,0.0024458,0.0024458
518,813.752,1.89142,1.31641,0.00089,0.81835,0.48276,0.58509,0.26612,2.12287,1.33029,0.00134,0.00244085,0.00244085,0.00244085
519,815.191,2.12064,1.26881,0.00105,0.81835,0.48276,0.58509,0.26612,2.12287,1.33029,0.00134,0.0024359,0.0024359,0.0024359
520,816.773,1.82279,1.26231,0.00088,0.81835,0.48276,0.58509,0.26612,2.12287,1.33029,0.00134,0.00243095,0.00243095,0.00243095
521,818.232,2.0958,1.33969,0.00109,0.81835,0.48276,0.58509,0.26612,2.12287,1.33029,0.00134,0.002426,0.002426,0.002426
522,819.815,1.87724,1.53799,0.00089,0.78341,0.5,0.58311,0.27434,2.04657,1.31816,0.00131,0.00242105,0.00242105,0.00242105
523,821.243,2.02956,1.32375,0.00095,0.78341,0.5,0.58311,0.27434,2.04657,1.31816,0.00131,0.0024161,0.0024161,0.0024161
524,822.706,1.82766,1.13907,0.001,0.78341,0.5,0.58311,0.27434,2.04657,1.31816,0.00131,0.00241115,0.00241115,0.00241115
525,824.302,2.21811,1.69863,0.00106,0.78341,0.5,0.58311,0.27434,2.04657,1.31816,0.00131,0.0024062,0.0024062,0.0024062
526,825.853,1.76081,1.14181,0.00111,0.70436,0.51724,0.55571,0.26024,2.04174,1.33249,0.0013,0.00240125,0.00240125,0.00240125
527,827.384,1.93365,1.1633,0.00107,0.70436,0.51724,0.55571,0.26024,2.04174,1.33249,0.0013,0.0023963,0.0023963,0.0023963
528,828.844,2.15355,1.4243,0.001,0.70436,0.51724,0.55571,0.26024,2.04174,1.33249,0.0013,0.00239135,0.00239135,0.00239135
529,830.305,2.10102,1.32894,0.00104,0.70436,0.51724,0.55571,0.26024,2.04174,1.33249,0.0013,0.0023864,0.0023864,0.0023864
530,831.901,2.10303,1.3311,0.00102,0.69947,0.52176,0.56399,0.25987,2.0519,1.35572,0.00131,0.00238145,0.00238145,0.00238145
531,833.421,1.68239,1.11678,0.00088,0.69947,0.52176,0.56399,0.25987,2.0519,1.35572,0.00131,0.0023765,0.0023765,0.0023765
532,834.89,2.10801,1.42662,0.00105,0.69947,0.52176,0.56399,0.25987,2.0519,1.35572,0.00131,0.00237155,0.00237155,0.00237155
533,836.395,2.25745,1.60512,0.00098,0.69947,0.52176,0.56399,0.25987,2.0519,1.35572,0.00131,0.0023666,0.0023666,0.0023666
534,837.902,2.37591,1.58754,0.00111,0.66436,0.5,0.54559,0.25869,2.06017,1.38198,0.00132,0.00236165,0.00236165,0.00236165
535,839.515,2.18589,1.51286,0.00108,0.66436,0.5,0.54559,0.25869,2.06017,1.38198,0.00132,0.0023567,0.0023567,0.0023567
536,841.002,1.8634,1.36002,0.001,0.66436,0.5,0.54559,0.25869,2.06017,1.38198,0.00132,0.00235175,0.00235175,0.00235175
537,842.494,1.82889,1.04734,0.00095,0.66436,0.5,0.54559,0.25869,2.06017,1.38198,0.00132,0.0023468,0.0023468,0.0023468
538,843.979,2.17744,1.37738,0.00101,0.90268,0.41379,0.53919,0.26333,1.98634,1.42995,0.00133,0.00234185,0.00234185,0.00234185
539,845.454,1.8924,1.30007,0.00095,0.90268,0.41379,0.53919,0.26333,1.98634,1.42995,0.00133,0.0023369,0.0023369,0.0023369
540,847.101,2.02341,1.32191,0.00114,0.90268,0.41379,0.53919,0.26333,1.98634,1.42995,0.00133,0.00233195,0.00233195,0.00233195
541,848.53,2.05527,1.28292,0.00107,0.90268,0.41379,0.53919,0.26333,1.98634,1.42995,0.00133,0.002327,0.002327,0.002327
542,849.956,1.75952,1.21651,0.00094,0.62986,0.4988,0.54485,0.26098,2.09512,1.4049,0.00138,0.00232205,0.00232205,0.00232205
543,851.448,2.08529,1.35358,0.001,0.62986,0.4988,0.54485,0.26098,2.09512,1.4049,0.00138,0.0023171,0.0023171,0.0023171
544,852.969,2.06086,1.18265,0.00106,0.62986,0.4988,0.54485,0.26098,2.09512,1.4049,0.00138,0.00231215,0.00231215,0.00231215
545,854.569,2.09098,1.37752,0.00099,0.62986,0.4988,0.54485,0.26098,2.09512,1.4049,0.00138,0.0023072,0.0023072,0.0023072
546,856.044,1.82445,1.18429,0.00093,0.70194,0.48733,0.57056,0.25283,2.13819,1.43022,0.00139,0.00230225,0.00230225,0.00230225
547,857.553,1.8455,1.13398,0.00095,0.70194,0.48733,0.57056,0.25283,2.13819,1.43022,0.00139,0.0022973,0.0022973,0.0022973
548,859.015,2.09454,1.36927,0.00109,0.70194,0.48733,0.57056,0.25283,2.13819,1.43022,0.00139,0.00229235,0.00229235,0.00229235
549,860.515,1.75027,1.34861,0.00089,0.70194,0.48733,0.57056,0.25283,2.13819,1.43022,0.00139,0.0022874,0.0022874,0.0022874
550,862.166,2.25365,1.47461,0.00098,0.69607,0.46552,0.53538,0.25873,2.14012,1.43571,0.0014,0.00228245,0.00228245,0.00228245
551,863.653,1.882,1.33488,0.00092,0.69607,0.46552,0.53538,0.25873,2.14012,1.43571,0.0014,0.0022775,0.0022775,0.0022775
552,865.14,2.16252,1.41643,0.00102,0.69607,0.46552,0.53538,0.25873,2.14012,1.43571,0.0014,0.00227255,0.00227255,0.00227255
553,866.609,1.87237,1.06272,0.00104,0.69607,0.46552,0.53538,0.25873,2.14012,1.43571,0.0014,0.0022676,0.0022676,0.0022676
554,868.064,1.77191,1.13745,0.00094,0.86638,0.44722,0.52981,0.2591,2.17032,1.43417,0.0014,0.00226265,0.00226265,0.00226265
555,869.595,1.77912,1.24804,0.00089,0.86638,0.44722,0.52981,0.2591,2.17032,1.43417,0.0014,0.0022577,0.0022577,0.0022577
556,871.197,2.03372,1.14821,0.00101,0.86638,0.44722,0.52981,0.2591,2.17032,1.43417,0.0014,0.00225275,0.00225275,0.00225275
557,872.669,2.28852,1.52177,0.00112,0.86638,0.44722,0.52981,0.2591,2.17032,1.43417,0.0014,0.0022478,0.0022478,0.0022478
558,874.21,1.68157,1.36974,0.00089,0.87056,0.48276,0.57221,0.26945,2.15473,1.41502,0.00139,0.00224285,0.00224285,0.00224285
559,875.661,2.2885,1.58317,0.00106,0.87056,0.48276,0.57221,0.26945,2.15473,1.41502,0.00139,0.0022379,0.0022379,0.0022379
560,877.217,1.94516,1.37622,0.00104,0.87056,0.48276,0.57221,0.26945,2.15473,1.41502,0.00139,0.00223295,0.00223295,0.00223295
561,878.65,2.12645,1.33812,0.00108,0.87056,0.48276,0.57221,0.26945,2.15473,1.41502,0.00139,0.002228,0.002228,0.002228
562,880.202,2.32157,1.58613,0.00112,0.85859,0.48276,0.57981,0.26997,2.18532,1.38829,0.00138,0.00222305,0.00222305,0.00222305
563,881.791,1.96397,1.28438,0.00107,0.85859,0.48276,0.57981,0.26997,2.18532,1.38829,0.00138,0.0022181,0.0022181,0.0022181
564,883.26,1.82205,1.11066,0.00102,0.85859,0.48276,0.57981,0.26997,2.18532,1.38829,0.00138,0.00221315,0.00221315,0.00221315
565,884.648,1.80667,1.36677,0.00085,0.85859,0.48276,0.57981,0.26997,2.18532,1.38829,0.00138,0.0022082,0.0022082,0.0022082
566,886.245,2.00298,1.38853,0.00104,0.73252,0.55172,0.59724,0.28469,2.1654,1.33562,0.00138,0.00220325,0.00220325,0.00220325
567,887.762,1.87144,1.11032,0.00099,0.73252,0.55172,0.59724,0.28469,2.1654,1.33562,0.00138,0.0021983,0.0021983,0.0021983
568,889.26,1.91078,1.18459,0.00097,0.73252,0.55172,0.59724,0.28469,2.1654,1.33562,0.00138,0.00219335,0.00219335,0.00219335
569,890.683,1.55732,1.06151,0.00084,0.73252,0.55172,0.59724,0.28469,2.1654,1.33562,0.00138,0.0021884,0.0021884,0.0021884
570,892.067,2.14929,1.41948,0.00119,0.76068,0.55172,0.6003,0.28575,2.16846,1.3477,0.00135,0.00218345,0.00218345,0.00218345
571,893.537,1.94863,1.17188,0.00104,0.76068,0.55172,0.6003,0.28575,2.16846,1.3477,0.00135,0.0021785,0.0021785,0.0021785
572,895.026,1.94441,1.30989,0.00103,0.76068,0.55172,0.6003,0.28575,2.16846,1.3477,0.00135,0.00217355,0.00217355,0.00217355
573,896.325,2.02076,1.24234,0.00109,0.76068,0.55172,0.6003,0.28575,2.16846,1.3477,0.00135,0.0021686,0.0021686,0.0021686
574,897.736,1.79584,1.19981,0.00083,0.91829,0.48276,0.60445,0.28438,2.08664,1.33997,0.00133,0.00216365,0.00216365,0.00216365
575,899.052,2.25335,1.38459,0.00107,0.91829,0.48276,0.60445,0.28438,2.08664,1.33997,0.00133,0.0021587,0.0021587,0.0021587
576,900.575,2.20757,1.60092,0.0012,0.91829,0.48276,0.60445,0.28438,2.08664,1.33997,0.00133,0.00215375,0.00215375,0.00215375
577,901.964,2.19365,1.47952,0.00112,0.91829,0.48276,0.60445,0.28438,2.08664,1.33997,0.00133,0.0021488,0.0021488,0.0021488
578,903.36,1.91874,1.32265,0.00099,0.89895,0.48276,0.60175,0.28669,2.08741,1.32453,0.00133,0.00214385,0.00214385,0.00214385
579,904.846,2.24708,1.57957,0.0011,0.89895,0.48276,0.60175,0.28669,2.08741,1.32453,0.00133,0.0021389,0.0021389,0.0021389
580,906.328,2.19336,1.3992,0.00101,0.89895,0.48276,0.60175,0.28669,2.08741,1.32453,0.00133,0.00213395,0.00213395,0.00213395
581,907.773,1.91904,1.30996,0.00099,0.89895,0.48276,0.60175,0.28669,2.08741,1.32453,0.00133,0.002129,0.002129,0.002129
582,909.439,1.87706,1.24476,0.00096,0.70742,0.50026,0.56339,0.27108,2.10039,1.38772,0.00132,0.00212405,0.00212405,0.00212405
583,910.868,1.80026,1.04102,0.00092,0.70742,0.50026,0.56339,0.27108,2.10039,1.38772,0.00132,0.0021191,0.0021191,0.0021191
584,912.198,1.7608,1.03886,0.00089,0.70742,0.50026,0.56339,0.27108,2.10039,1.38772,0.00132,0.00211415,0.00211415,0.00211415
585,913.765,1.96508,1.17765,0.00101,0.70742,0.50026,0.56339,0.27108,2.10039,1.38772,0.00132,0.0021092,0.0021092,0.0021092
586,915.305,1.66819,1.00931,0.00097,0.86832,0.43103,0.5585,0.26307,2.10419,1.40374,0.00133,0.00210425,0.00210425,0.00210425
587,916.937,2.10242,1.39359,0.00097,0.86832,0.43103,0.5585,0.26307,2.10419,1.40374,0.00133,0.0020993,0.0020993,0.0020993
588,918.447,1.88152,0.99606,0.00099,0.86832,0.43103,0.5585,0.26307,2.10419,1.40374,0.00133,0.00209435,0.00209435,0.00209435
589,919.9,2.34873,1.44738,0.00112,0.86832,0.43103,0.5585,0.26307,2.10419,1.40374,0.00133,0.0020894,0.0020894,0.0020894
590,921.376,2.04459,1.26541,0.00101,0.75924,0.46552,0.54997,0.26358,2.09428,1.41084,0.00135,0.00208445,0.00208445,0.00208445
591,922.769,2.12262,1.35655,0.00105,0.75924,0.46552,0.54997,0.26358,2.09428,1.41084,0.00135,0.0020795,0.0020795,0.0020795
592,924.421,1.85854,1.3184,0.00098,0.75924,0.46552,0.54997,0.26358,2.09428,1.41084,0.00135,0.00207455,0.00207455,0.00207455
593,925.857,2.09582,1.46639,0.00096,0.75924,0.46552,0.54997,0.26358,2.09428,1.41084,0.00135,0.0020696,0.0020696,0.0020696
594,927.329,2.10258,1.2236,0.001,0.7765,0.48276,0.54546,0.25812,2.12782,1.40238,0.00137,0.00206465,0.00206465,0.00206465
595,928.817,2.24538,1.43173,0.00109,0.7765,0.48276,0.54546,0.25812,2.12782,1.40238,0.00137,0.0020597,0.0020597,0.0020597
596,930.295,2.1568,1.67815,0.00102,0.7765,0.48276,0.54546,0.25812,2.12782,1.40238,0.00137,0.00205475,0.00205475,0.00205475
597,931.878,1.92616,1.32747,0.001,0.7765,0.48276,0.54546,0.25812,2.12782,1.40238,0.00137,0.0020498,0.0020498,0.0020498
598,933.318,2.24816,1.50501,0.00102,0.79877,0.48276,0.55063,0.25948,2.10854,1.41705,0.00138,0.00204485,0.00204485,0.00204485
599,934.732,2.26659,1.51369,0.00108,0.79877,0.48276,0.55063,0.25948,2.10854,1.41705,0.00138,0.0020399,0.0020399,0.0020399
600,936.222,2.06468,1.45789,0.00101,0.79877,0.48276,0.55063,0.25948,2.10854,1.41705,0.00138,0.00203495,0.00203495,0.00203495
601,937.622,2.16189,1.26979,0.00103,0.79877,0.48276,0.55063,0.25948,2.10854,1.41705,0.00138,0.00203,0.00203,0.00203
602,939.174,2.11934,1.24968,0.0011,0.77551,0.5,0.54422,0.26241,2.12855,1.41676,0.00138,0.00202505,0.00202505,0.00202505
603,940.627,1.88911,1.25165,0.00098,0.77551,0.5,0.54422,0.26241,2.12855,1.41676,0.00138,0.0020201,0.0020201,0.0020201
604,942.155,2.09202,1.40121,0.001,0.77551,0.5,0.54422,0.26241,2.12855,1.41676,0.00138,0.00201515,0.00201515,0.00201515
605,943.536,2.39952,1.49262,0.00106,0.77551,0.5,0.54422,0.26241,2.12855,1.41676,0.00138,0.0020102,0.0020102,0.0020102
606,945.06,1.98417,1.38666,0.00105,0.75448,0.5,0.55084,0.26517,2.11366,1.41984,0.00137,0.00200525,0.00200525,0.00200525
607,946.758,2.29885,1.38846,0.00119,0.75448,0.5,0.55084,0.26517,2.11366,1.41984,0.00137,0.0020003,0.0020003,0.0020003
608,948.237,2.09224,1.42146,0.00108,0.75448,0.5,0.55084,0.26517,2.11366,1.41984,0.00137,0.00199535,0.00199535,0.00199535
609,949.668,1.85445,1.02797,0.00097,0.75448,0.5,0.55084,0.26517,2.11366,1.41984,0.00137,0.0019904,0.0019904,0.0019904
610,951.131,2.20283,1.54916,0.00101,0.81969,0.51724,0.56583,0.27128,2.11874,1.37797,0.00137,0.00198545,0.00198545,0.00198545
611,952.562,2.04705,1.26312,0.00107,0.81969,0.51724,0.56583,0.27128,2.11874,1.37797,0.00137,0.0019805,0.0019805,0.0019805
612,954.103,2.2105,1.57634,0.00102,0.81969,0.51724,0.56583,0.27128,2.11874,1.37797,0.00137,0.00197555,0.00197555,0.00197555
613,955.594,2.20762,1.43025,0.00097,0.81969,0.51724,0.56583,0.27128,2.11874,1.37797,0.00137,0.0019706,0.0019706,0.0019706
614,957.061,1.93112,1.09105,0.00102,0.79818,0.53448,0.57455,0.27555,2.09992,1.3545,0.00136,0.00196565,0.00196565,0.00196565
615,958.526,2.27288,1.39794,0.00103,0.79818,0.53448,0.57455,0.27555,2.09992,1.3545,0.00136,0.0019607,0.0019607,0.0019607
616,960.038,2.49096,1.89245,0.00109,0.79818,0.53448,0.57455,0.27555,2.09992,1.3545,0.00136,0.00195575,0.00195575,0.00195575
617,961.593,1.9677,1.23088,0.00104,0.79818,0.53448,0.57455,0.27555,2.09992,1.3545,0.00136,0.0019508,0.0019508,0.0019508
618,962.974,2.05526,1.24719,0.00111,0.78361,0.53448,0.57557,0.2851,2.10234,1.34883,0.00133,0.00194585,0.00194585,0.00194585
619,964.375,1.73798,1.13316,0.00098,0.78361,0.53448,0.57557,0.2851,2.10234,1.34883,0.00133,0.0019409,0.0019409,0.0019409
620,965.795,1.99546,1.26095,0.00103,0.78361,0.53448,0.57557,0.2851,2.10234,1.34883,0.00133,0.00193595,0.00193595,0.00193595
621,967.205,1.87987,1.14215,0.00099,0.78361,0.53448,0.57557,0.2851,2.10234,1.34883,0.00133,0.001931,0.001931,0.001931
622,968.869,2.32429,1.41801,0.00118,0.75977,0.5454,0.57772,0.28844,2.09716,1.3459,0.00132,0.00192605,0.00192605,0.00192605
623,970.302,2.0257,1.36704,0.00095,0.75977,0.5454,0.57772,0.28844,2.09716,1.3459,0.00132,0.0019211,0.0019211,0.0019211
624,971.653,1.58935,1.13442,0.00079,0.75977,0.5454,0.57772,0.28844,2.09716,1.3459,0.00132,0.00191615,0.00191615,0.00191615
625,973.214,1.85757,1.31727,0.00095,0.75977,0.5454,0.57772,0.28844,2.09716,1.3459,0.00132,0.0019112,0.0019112,0.0019112
626,974.793,1.96103,1.19902,0.00089,0.7933,0.55172,0.60868,0.30213,2.08899,1.32286,0.00131,0.00190625,0.00190625,0.00190625
627,976.375,2.33263,1.63557,0.00103,0.7933,0.55172,0.60868,0.30213,2.08899,1.32286,0.00131,0.0019013,0.0019013,0.0019013
628,977.899,2.22858,1.30451,0.00102,0.7933,0.55172,0.60868,0.30213,2.08899,1.32286,0.00131,0.00189635,0.00189635,0.00189635
629,979.469,1.76741,1.10835,0.00088,0.7933,0.55172,0.60868,0.30213,2.08899,1.32286,0.00131,0.0018914,0.0018914,0.0018914
630,981.006,2.27739,1.34686,0.00099,0.76838,0.51724,0.5709,0.28652,2.11749,1.3229,0.00133,0.00188645,0.00188645,0.00188645
631,982.545,2.04354,1.21926,0.001,0.76838,0.51724,0.5709,0.28652,2.11749,1.3229,0.00133,0.0018815,0.0018815,0.0018815
632,983.988,2.20973,1.37072,0.00106,0.76838,0.51724,0.5709,0.28652,2.11749,1.3229,0.00133,0.00187655,0.00187655,0.00187655
633,985.376,1.94789,1.17163,0.0011,0.76838,0.51724,0.5709,0.28652,2.11749,1.3229,0.00133,0.0018716,0.0018716,0.0018716
634,986.776,1.96799,1.32309,0.00095,0.74841,0.53448,0.56875,0.27784,2.14177,1.32758,0.00134,0.00186665,0.00186665,0.00186665
635,988.205,2.01597,1.08027,0.00098,0.74841,0.53448,0.56875,0.27784,2.14177,1.32758,0.00134,0.0018617,0.0018617,0.0018617
636,989.829,2.16209,1.30724,0.00106,0.74841,0.53448,0.56875,0.27784,2.14177,1.32758,0.00134,0.00185675,0.00185675,0.00185675
637,991.325,2.08039,1.59036,0.00099,0.74841,0.53448,0.56875,0.27784,2.14177,1.32758,0.00134,0.0018518,0.0018518,0.0018518
638,992.825,1.9178,1.04092,0.00096,0.73146,0.5,0.56612,0.28437,2.10262,1.34177,0.00132,0.00184685,0.00184685,0.00184685
639,994.344,2.03234,1.58294,0.00093,0.73146,0.5,0.56612,0.28437,2.10262,1.34177,0.00132,0.0018419,0.0018419,0.0018419
640,995.792,1.94923,1.19642,0.00093,0.73146,0.5,0.56612,0.28437,2.10262,1.34177,0.00132,0.00183695,0.00183695,0.00183695
641,997.142,2.39294,1.4301,0.00115,0.73146,0.5,0.56612,0.28437,2.10262,1.34177,0.00132,0.001832,0.001832,0.001832
642,998.827,2.44932,1.57433,0.00105,0.75745,0.48462,0.55883,0.27843,2.08863,1.36418,0.00132,0.00182705,0.00182705,0.00182705
643,1000.31,1.78606,1.04069,0.00085,0.75745,0.48462,0.55883,0.27843,2.08863,1.36418,0.00132,0.0018221,0.0018221,0.0018221
644,1001.88,2.10289,1.33916,0.00103,0.75745,0.48462,0.55883,0.27843,2.08863,1.36418,0.00132,0.00181715,0.00181715,0.00181715
645,1003.38,1.85583,1.37243,0.00089,0.75745,0.48462,0.55883,0.27843,2.08863,1.36418,0.00132,0.0018122,0.0018122,0.0018122
646,1004.86,2.12496,1.25702,0.00101,0.77917,0.48676,0.56887,0.27768,2.10263,1.34344,0.00133,0.00180725,0.00180725,0.00180725
647,1006.43,1.90597,1.38571,0.00096,0.77917,0.48676,0.56887,0.27768,2.10263,1.34344,0.00133,0.0018023,0.0018023,0.0018023
648,1007.87,2.11891,1.22732,0.00097,0.77917,0.48676,0.56887,0.27768,2.10263,1.34344,0.00133,0.00179735,0.00179735,0.00179735
649,1009.31,2.23927,1.38348,0.00113,0.77917,0.48676,0.56887,0.27768,2.10263,1.34344,0.00133,0.0017924,0.0017924,0.0017924
650,1010.8,1.74986,1.05624,0.00099,0.80703,0.50483,0.59514,0.27772,2.08132,1.41188,0.00133,0.00178745,0.00178745,0.00178745
651,1012.28,2.13343,1.24217,0.00105,0.80703,0.50483,0.59514,0.27772,2.08132,1.41188,0.00133,0.0017825,0.0017825,0.0017825
652,1013.77,2.072,1.32258,0.00103,0.80703,0.50483,0.59514,0.27772,2.08132,1.41188,0.00133,0.00177755,0.00177755,0.00177755
653,1015.15,2.07253,1.45637,0.00091,0.80703,0.50483,0.59514,0.27772,2.08132,1.41188,0.00133,0.0017726,0.0017726,0.0017726
654,1016.56,1.99577,1.22568,0.00097,0.74016,0.5,0.58272,0.26337,2.07029,1.4643,0.00132,0.00176765,0.00176765,0.00176765
655,1017.92,2.01421,1.271,0.00097,0.74016,0.5,0.58272,0.26337,2.07029,1.4643,0.00132,0.0017627,0.0017627,0.0017627
656,1019.35,1.92028,1.25288,0.00099,0.74016,0.5,0.58272,0.26337,2.07029,1.4643,0.00132,0.00175775,0.00175775,0.00175775
657,1021.02,1.90406,1.28379,0.00097,0.74016,0.5,0.58272,0.26337,2.07029,1.4643,0.00132,0.0017528,0.0017528,0.0017528
658,1022.41,1.91197,1.16963,0.001,0.77402,0.5,0.57975,0.2699,2.0597,1.45361,0.00133,0.00174785,0.00174785,0.00174785
659,1023.91,1.97293,1.10208,0.00101,0.77402,0.5,0.57975,0.2699,2.0597,1.45361,0.00133,0.0017429,0.0017429,0.0017429
660,1025.4,2.01495,1.34738,0.00095,0.77402,0.5,0.57975,0.2699,2.0597,1.45361,0.00133,0.00173795,0.00173795,0.00173795
661,1026.88,1.94194,1.27165,0.00092,0.77402,0.5,0.57975,0.2699,2.0597,1.45361,0.00133,0.001733,0.001733,0.001733
662,1028.46,2.11759,1.34574,0.00104,0.71434,0.5,0.58215,0.27221,2.04105,1.39332,0.00131,0.00172805,0.00172805,0.00172805
663,1029.97,1.97161,1.27164,0.00089,0.71434,0.5,0.58215,0.27221,2.04105,1.39332,0.00131,0.0017231,0.0017231,0.0017231
664,1031.49,1.68095,1.01718,0.001,0.71434,0.5,0.58215,0.27221,2.04105,1.39332,0.00131,0.00171815,0.00171815,0.00171815
665,1032.97,2.3005,1.35751,0.00106,0.71434,0.5,0.58215,0.27221,2.04105,1.39332,0.00131,0.0017132,0.0017132,0.0017132
666,1034.48,2.01866,1.19846,0.00107,0.72994,0.5,0.57975,0.27591,2.05146,1.35462,0.0013,0.00170825,0.00170825,0.00170825
667,1035.92,2.06871,1.26025,0.00102,0.72994,0.5,0.57975,0.27591,2.05146,1.35462,0.0013,0.0017033,0.0017033,0.0017033
668,1037.5,1.62531,1.24308,0.00082,0.72994,0.5,0.57975,0.27591,2.05146,1.35462,0.0013,0.00169835,0.00169835,0.00169835
669,1038.99,1.81738,1.13812,0.00095,0.72994,0.5,0.57975,0.27591,2.05146,1.35462,0.0013,0.0016934,0.0016934,0.0016934
670,1040.48,1.92398,1.228,0.00097,0.74413,0.55158,0.60205,0.27993,2.00376,1.3769,0.00126,0.00168845,0.00168845,0.00168845
671,1041.99,1.82469,1.05798,0.00098,0.74413,0.55158,0.60205,0.27993,2.00376,1.3769,0.00126,0.0016835,0.0016835,0.0016835
672,1043.56,1.98127,1.69379,0.00099,0.74413,0.55158,0.60205,0.27993,2.00376,1.3769,0.00126,0.00167855,0.00167855,0.00167855
673,1044.97,2.26089,1.35743,0.00103,0.74413,0.55158,0.60205,0.27993,2.00376,1.3769,0.00126,0.0016736,0.0016736,0.0016736
674,1046.41,1.59841,1.05948,0.00085,0.73718,0.56897,0.60973,0.29757,2.00702,1.30234,0.00128,0.00166865,0.00166865,0.00166865
675,1047.82,1.96473,1.33341,0.00099,0.73718,0.56897,0.60973,0.29757,2.00702,1.30234,0.00128,0.0016637,0.0016637,0.0016637
676,1049.25,1.93147,1.30384,0.00092,0.73718,0.56897,0.60973,0.29757,2.00702,1.30234,0.00128,0.00165875,0.00165875,0.00165875
677,1050.92,2.0731,1.4089,0.00102,0.73718,0.56897,0.60973,0.29757,2.00702,1.30234,0.00128,0.0016538,0.0016538,0.0016538
678,1052.47,2.21034,1.38765,0.00096,0.7518,0.56897,0.61395,0.29699,2.00729,1.32013,0.00126,0.00164885,0.00164885,0.00164885
679,1054.02,2.29532,1.56643,0.00106,0.7518,0.56897,0.61395,0.29699,2.00729,1.32013,0.00126,0.0016439,0.0016439,0.0016439
680,1055.51,2.01547,1.44591,0.0009,0.7518,0.56897,0.61395,0.29699,2.00729,1.32013,0.00126,0.00163895,0.00163895,0.00163895
681,1057.06,1.83378,1.18034,0.00091,0.7518,0.56897,0.61395,0.29699,2.00729,1.32013,0.00126,0.001634,0.001634,0.001634
682,1058.6,2.05269,1.21302,0.00112,0.79298,0.55172,0.6184,0.30261,1.99711,1.29882,0.00127,0.00162905,0.00162905,0.00162905
683,1060.29,1.90101,1.34792,0.00093,0.79298,0.55172,0.6184,0.30261,1.99711,1.29882,0.00127,0.0016241,0.0016241,0.0016241
684,1061.83,1.69866,1.17779,0.00089,0.79298,0.55172,0.6184,0.30261,1.99711,1.29882,0.00127,0.00161915,0.00161915,0.00161915
685,1063.29,1.66258,1.13863,0.00089,0.79298,0.55172,0.6184,0.30261,1.99711,1.29882,0.00127,0.0016142,0.0016142,0.0016142
686,1064.83,2.05904,1.26044,0.00093,0.72851,0.56897,0.62087,0.29915,2.04941,1.29312,0.00128,0.00160925,0.00160925,0.00160925
687,1066.32,1.94863,1.22429,0.00099,0.72851,0.56897,0.62087,0.29915,2.04941,1.29312,0.00128,0.0016043,0.0016043,0.0016043
688,1067.84,1.87094,1.03925,0.0009,0.72851,0.56897,0.62087,0.29915,2.04941,1.29312,0.00128,0.00159935,0.00159935,0.00159935
689,1069.34,1.97539,1.07657,0.00104,0.72851,0.56897,0.62087,0.29915,2.04941,1.29312,0.00128,0.0015944,0.0015944,0.0015944
690,1070.84,1.96522,1.32057,0.00093,0.73219,0.56897,0.62397,0.30766,2.06778,1.28353,0.00129,0.00158945,0.00158945,0.00158945
691,1072.36,1.72416,1.10376,0.0009,0.73219,0.56897,0.62397,0.30766,2.06778,1.28353,0.00129,0.0015845,0.0015845,0.0015845
692,1073.87,1.94623,1.16379,0.001,0.73219,0.56897,0.62397,0.30766,2.06778,1.28353,0.00129,0.00157955,0.00157955,0.00157955
693,1075.42,2.22737,1.41107,0.00096,0.73219,0.56897,0.62397,0.30766,2.06778,1.28353,0.00129,0.0015746,0.0015746,0.0015746
694,1076.93,1.84288,1.22469,0.00099,0.74247,0.59659,0.62623,0.29983,2.08348,1.30626,0.0013,0.00156965,0.00156965,0.00156965
695,1078.41,1.96975,1.17934,0.00089,0.74247,0.59659,0.62623,0.29983,2.08348,1.30626,0.0013,0.0015647,0.0015647,0.0015647
696,1079.85,2.07163,1.23106,0.00096,0.74247,0.59659,0.62623,0.29983,2.08348,1.30626,0.0013,0.00155975,0.00155975,0.00155975
697,1081.37,1.73095,1.25931,0.00081,0.74247,0.59659,0.62623,0.29983,2.08348,1.30626,0.0013,0.0015548,0.0015548,0.0015548
698,1082.92,1.70551,1.09132,0.0008,0.70915,0.54657,0.61421,0.29515,2.11111,1.32315,0.0013,0.00154985,0.00154985,0.00154985
699,1084.28,1.96402,1.21366,0.00097,0.70915,0.54657,0.61421,0.29515,2.11111,1.32315,0.0013,0.0015449,0.0015449,0.0015449
700,1085.65,1.87768,1.27853,0.00088,0.70915,0.54657,0.61421,0.29515,2.11111,1.32315,0.0013,0.00153995,0.00153995,0.00153995
701,1087.08,1.88338,1.1719,0.00096,0.70915,0.54657,0.61421,0.29515,2.11111,1.32315,0.0013,0.001535,0.001535,0.001535
702,1088.46,1.94232,1.35594,0.00091,0.69487,0.53448,0.60525,0.29173,2.05762,1.36598,0.00129,0.00153005,0.00153005,0.00153005
703,1090.05,1.78002,1.1556,0.00089,0.69487,0.53448,0.60525,0.29173,2.05762,1.36598,0.00129,0.0015251,0.0015251,0.0015251
704,1091.42,2.03088,1.19378,0.00098,0.69487,0.53448,0.60525,0.29173,2.05762,1.36598,0.00129,0.00152015,0.00152015,0.00152015
705,1092.82,2.33863,1.52703,0.00119,0.69487,0.53448,0.60525,0.29173,2.05762,1.36598,0.00129,0.0015152,0.0015152,0.0015152
706,1094.12,1.85385,1.03324,0.00097,0.69599,0.55172,0.61296,0.29939,2.04999,1.34859,0.00129,0.00151025,0.00151025,0.00151025
707,1095.41,1.94754,1.24529,0.00095,0.69599,0.55172,0.61296,0.29939,2.04999,1.34859,0.00129,0.0015053,0.0015053,0.0015053
708,1097,1.81724,0.99862,0.00086,0.69599,0.55172,0.61296,0.29939,2.04999,1.34859,0.00129,0.00150035,0.00150035,0.00150035
709,1098.41,2.0499,1.37302,0.00104,0.69599,0.55172,0.61296,0.29939,2.04999,1.34859,0.00129,0.0014954,0.0014954,0.0014954
710,1099.73,2.19228,1.38202,0.00096,0.70731,0.58336,0.61818,0.30063,2.0533,1.33662,0.0013,0.00149045,0.00149045,0.00149045
711,1101.14,1.87891,1.11478,0.00102,0.70731,0.58336,0.61818,0.30063,2.0533,1.33662,0.0013,0.0014855,0.0014855,0.0014855
712,1102.44,1.90899,1.25647,0.00097,0.70731,0.58336,0.61818,0.30063,2.0533,1.33662,0.0013,0.00148055,0.00148055,0.00148055
713,1103.79,1.7719,1.00393,0.00099,0.70731,0.58336,0.61818,0.30063,2.0533,1.33662,0.0013,0.0014756,0.0014756,0.0014756
714,1105.02,2.37179,1.64925,0.001,0.68727,0.58621,0.58552,0.30223,2.01622,1.32903,0.00129,0.00147065,0.00147065,0.00147065
715,1106.41,1.9268,1.09479,0.00101,0.68727,0.58621,0.58552,0.30223,2.01622,1.32903,0.00129,0.0014657,0.0014657,0.0014657
716,1107.86,1.84954,1.21669,0.00091,0.68727,0.58621,0.58552,0.30223,2.01622,1.32903,0.00129,0.00146075,0.00146075,0.00146075
717,1109.33,1.81258,1.14188,0.00106,0.68727,0.58621,0.58552,0.30223,2.01622,1.32903,0.00129,0.0014558,0.0014558,0.0014558
718,1110.96,1.83951,1.14267,0.00096,0.76372,0.55172,0.60103,0.3065,2.03508,1.30772,0.00128,0.00145085,0.00145085,0.00145085
719,1112.39,2.30021,1.37457,0.001,0.76372,0.55172,0.60103,0.3065,2.03508,1.30772,0.00128,0.0014459,0.0014459,0.0014459
720,1113.89,2.24896,1.29728,0.00104,0.76372,0.55172,0.60103,0.3065,2.03508,1.30772,0.00128,0.00144095,0.00144095,0.00144095
721,1115.41,1.99799,1.16595,0.00102,0.76372,0.55172,0.60103,0.3065,2.03508,1.30772,0.00128,0.001436,0.001436,0.001436
722,1116.91,1.81574,1.08452,0.00096,0.76201,0.55207,0.59854,0.30975,2.00213,1.28947,0.00126,0.00143105,0.00143105,0.00143105
723,1118.46,2.14337,1.38272,0.00098,0.76201,0.55207,0.59854,0.30975,2.00213,1.28947,0.00126,0.0014261,0.0014261,0.0014261
724,1119.95,1.78815,1.03801,0.0009,0.76201,0.55207,0.59854,0.30975,2.00213,1.28947,0.00126,0.00142115,0.00142115,0.00142115
725,1121.35,1.90354,1.22653,0.00088,0.76201,0.55207,0.59854,0.30975,2.00213,1.28947,0.00126,0.0014162,0.0014162,0.0014162
726,1122.84,1.97213,1.17963,0.00099,0.71811,0.58621,0.6021,0.30847,2.0039,1.28346,0.00125,0.00141125,0.00141125,0.00141125
727,1124.32,1.62026,0.83893,0.00094,0.71811,0.58621,0.6021,0.30847,2.0039,1.28346,0.00125,0.0014063,0.0014063,0.0014063
728,1125.63,1.70074,0.89442,0.00098,0.71811,0.58621,0.6021,0.30847,2.0039,1.28346,0.00125,0.00140135,0.00140135,0.00140135
729,1127.28,1.6506,1.06305,0.00084,0.71811,0.58621,0.6021,0.30847,2.0039,1.28346,0.00125,0.0013964,0.0013964,0.0013964
730,1128.86,1.74374,1.07916,0.0009,0.78118,0.55401,0.60781,0.30416,2.03233,1.2945,0.00126,0.00139145,0.00139145,0.00139145
731,1130.35,1.9189,1.3612,0.00096,0.78118,0.55401,0.60781,0.30416,2.03233,1.2945,0.00126,0.0013865,0.0013865,0.0013865
732,1131.88,2.53175,1.61882,0.00111,0.78118,0.55401,0.60781,0.30416,2.03233,1.2945,0.00126,0.00138155,0.00138155,0.00138155
733,1133.46,1.88499,1.13008,0.00089,0.78118,0.55401,0.60781,0.30416,2.03233,1.2945,0.00126,0.0013766,0.0013766,0.0013766
734,1134.88,1.66642,1.07684,0.00083,0.76684,0.60345,0.64169,0.30707,2.03149,1.28817,0.00127,0.00137165,0.00137165,0.00137165
735,1136.36,1.79053,0.99117,0.00103,0.76684,0.60345,0.64169,0.30707,2.03149,1.28817,0.00127,0.0013667,0.0013667,0.0013667
736,1137.91,2.32419,1.48617,0.00114,0.76684,0.60345,0.64169,0.30707,2.03149,1.28817,0.00127,0.00136175,0.00136175,0.00136175
737,1139.41,2.10028,1.27299,0.00101,0.76684,0.60345,0.64169,0.30707,2.03149,1.28817,0.00127,0.0013568,0.0013568,0.0013568
738,1141,1.87096,1.11542,0.00092,0.80019,0.55241,0.64275,0.30817,2.05382,1.29014,0.00128,0.00135185,0.00135185,0.00135185
739,1142.64,2.18444,1.32445,0.00099,0.80019,0.55241,0.64275,0.30817,2.05382,1.29014,0.00128,0.0013469,0.0013469,0.0013469
740,1144.11,1.88099,1.24163,0.00088,0.80019,0.55241,0.64275,0.30817,2.05382,1.29014,0.00128,0.00134195,0.00134195,0.00134195
741,1145.55,1.99551,1.20134,0.00094,0.80019,0.55241,0.64275,0.30817,2.05382,1.29014,0.00128,0.001337,0.001337,0.001337
742,1147.09,2.05196,1.25171,0.00093,0.82088,0.55312,0.64032,0.30447,2.04972,1.28154,0.00129,0.00133205,0.00133205,0.00133205
743,1148.62,2.34667,1.5478,0.00102,0.82088,0.55312,0.64032,0.30447,2.04972,1.28154,0.00129,0.0013271,0.0013271,0.0013271
744,1150.24,2.0147,1.1751,0.00096,0.82088,0.55312,0.64032,0.30447,2.04972,1.28154,0.00129,0.00132215,0.00132215,0.00132215
745,1151.69,1.91815,1.15819,0.00106,0.82088,0.55312,0.64032,0.30447,2.04972,1.28154,0.00129,0.0013172,0.0013172,0.0013172
746,1153.2,2.18594,1.31347,0.00116,0.81771,0.5415,0.6352,0.30041,2.06949,1.22573,0.00132,0.00131225,0.00131225,0.00131225
747,1154.62,2.0709,1.22496,0.00094,0.81771,0.5415,0.6352,0.30041,2.06949,1.22573,0.00132,0.0013073,0.0013073,0.0013073
748,1156.09,1.83189,1.15447,0.00097,0.81771,0.5415,0.6352,0.30041,2.06949,1.22573,0.00132,0.00130235,0.00130235,0.00130235
749,1157.64,1.8434,1.20413,0.00096,0.81771,0.5415,0.6352,0.30041,2.06949,1.22573,0.00132,0.0012974,0.0012974,0.0012974
750,1159.05,1.63027,0.91728,0.00088,0.82603,0.51724,0.6276,0.29885,2.08261,1.23158,0.00132,0.00129245,0.00129245,0.00129245
751,1160.48,1.90923,1.10237,0.00101,0.82603,0.51724,0.6276,0.29885,2.08261,1.23158,0.00132,0.0012875,0.0012875,0.0012875
752,1161.94,1.95061,1.31981,0.00095,0.82603,0.51724,0.6276,0.29885,2.08261,1.23158,0.00132,0.00128255,0.00128255,0.00128255
753,1163.37,1.66234,1.14834,0.00084,0.82603,0.51724,0.6276,0.29885,2.08261,1.23158,0.00132,0.0012776,0.0012776,0.0012776
754,1165.01,2.45945,1.61233,0.00104,0.8543,0.5,0.61894,0.29905,2.0729,1.27094,0.00132,0.00127265,0.00127265,0.00127265
755,1166.49,2.16773,1.16928,0.00098,0.8543,0.5,0.61894,0.29905,2.0729,1.27094,0.00132,0.0012677,0.0012677,0.0012677
756,1167.95,1.79628,1.06657,0.00098,0.8543,0.5,0.61894,0.29905,2.0729,1.27094,0.00132,0.00126275,0.00126275,0.00126275
757,1169.42,1.77471,1.19502,0.00083,0.8543,0.5,0.61894,0.29905,2.0729,1.27094,0.00132,0.0012578,0.0012578,0.0012578
758,1170.97,2.42534,1.37844,0.00109,0.75459,0.51724,0.61077,0.29909,2.08086,1.31289,0.00132,0.00125285,0.00125285,0.00125285
759,1172.4,1.95104,1.49044,0.00092,0.75459,0.51724,0.61077,0.29909,2.08086,1.31289,0.00132,0.0012479,0.0012479,0.0012479
760,1173.88,2.08348,1.2036,0.00096,0.75459,0.51724,0.61077,0.29909,2.08086,1.31289,0.00132,0.00124295,0.00124295,0.00124295
761,1175.29,1.6878,1.08679,0.00083,0.75459,0.51724,0.61077,0.29909,2.08086,1.31289,0.00132,0.001238,0.001238,0.001238
762,1176.77,2.24396,1.40284,0.00097,0.80194,0.46552,0.56124,0.28766,2.0737,1.35006,0.00132,0.00123305,0.00123305,0.00123305
763,1178.29,1.76335,1.06391,0.00092,0.80194,0.46552,0.56124,0.28766,2.0737,1.35006,0.00132,0.0012281,0.0012281,0.0012281
764,1179.71,2.17325,1.43426,0.00094,0.80194,0.46552,0.56124,0.28766,2.0737,1.35006,0.00132,0.00122315,0.00122315,0.00122315
765,1181.1,2.03673,1.15478,0.00098,0.80194,0.46552,0.56124,0.28766,2.0737,1.35006,0.00132,0.0012182,0.0012182,0.0012182
766,1182.59,1.81731,1.1793,0.00092,0.79504,0.46552,0.56099,0.29065,2.0681,1.39973,0.0013,0.00121325,0.00121325,0.00121325
767,1183.97,1.88289,1.08205,0.00094,0.79504,0.46552,0.56099,0.29065,2.0681,1.39973,0.0013,0.0012083,0.0012083,0.0012083
768,1185.55,1.84784,1.3544,0.00095,0.79504,0.46552,0.56099,0.29065,2.0681,1.39973,0.0013,0.00120335,0.00120335,0.00120335
769,1187.06,2.27623,1.4204,0.00103,0.79504,0.46552,0.56099,0.29065,2.0681,1.39973,0.0013,0.0011984,0.0011984,0.0011984
770,1188.47,2.63583,1.7448,0.00107,0.79974,0.46552,0.55897,0.27711,2.09367,1.38987,0.0013,0.00119345,0.00119345,0.00119345
771,1189.82,2.2274,1.40762,0.00097,0.79974,0.46552,0.55897,0.27711,2.09367,1.38987,0.0013,0.0011885,0.0011885,0.0011885
772,1191.41,1.7951,1.17622,0.00092,0.79974,0.46552,0.55897,0.27711,2.09367,1.38987,0.0013,0.00118355,0.00118355,0.00118355
773,1192.89,2.10558,1.47675,0.00097,0.79974,0.46552,0.55897,0.27711,2.09367,1.38987,0.0013,0.0011786,0.0011786,0.0011786
774,1194.55,2.23431,1.57355,0.00094,0.79567,0.47008,0.55915,0.28535,2.06529,1.38729,0.0013,0.00117365,0.00117365,0.00117365
775,1195.97,1.89154,1.1785,0.0009,0.79567,0.47008,0.55915,0.28535,2.06529,1.38729,0.0013,0.0011687,0.0011687,0.0011687
776,1197.44,2.21782,1.38409,0.00097,0.79567,0.47008,0.55915,0.28535,2.06529,1.38729,0.0013,0.00116375,0.00116375,0.00116375
777,1198.91,1.83937,1.18732,0.00093,0.79567,0.47008,0.55915,0.28535,2.06529,1.38729,0.0013,0.0011588,0.0011588,0.0011588
778,1200.38,1.8168,1.21919,0.00087,0.79514,0.46852,0.56248,0.28052,2.07087,1.34364,0.00131,0.00115385,0.00115385,0.00115385
779,1202.01,1.78774,1.23696,0.00095,0.79514,0.46852,0.56248,0.28052,2.07087,1.34364,0.00131,0.0011489,0.0011489,0.0011489
780,1203.45,1.74703,1.07916,0.00085,0.79514,0.46852,0.56248,0.28052,2.07087,1.34364,0.00131,0.00114395,0.00114395,0.00114395
781,1204.95,2.27155,1.42124,0.00096,0.79514,0.46852,0.56248,0.28052,2.07087,1.34364,0.00131,0.001139,0.001139,0.001139
782,1206.43,1.75193,1.0111,0.00085,0.78281,0.4972,0.5767,0.28583,2.07917,1.30579,0.00132,0.00113405,0.00113405,0.00113405
783,1207.91,1.84862,1.21179,0.00106,0.78281,0.4972,0.5767,0.28583,2.07917,1.30579,0.00132,0.0011291,0.0011291,0.0011291
784,1209.49,1.82594,1.09412,0.00098,0.78281,0.4972,0.5767,0.28583,2.07917,1.30579,0.00132,0.00112415,0.00112415,0.00112415
785,1210.95,2.53054,1.75162,0.00102,0.78281,0.4972,0.5767,0.28583,2.07917,1.30579,0.00132,0.0011192,0.0011192,0.0011192
786,1212.42,1.86804,1.17651,0.0009,0.74599,0.55172,0.60024,0.29403,2.06215,1.29275,0.0013,0.00111425,0.00111425,0.00111425
787,1213.94,1.94764,1.05399,0.00094,0.74599,0.55172,0.60024,0.29403,2.06215,1.29275,0.0013,0.0011093,0.0011093,0.0011093
788,1215.46,1.83466,1.02799,0.00104,0.74599,0.55172,0.60024,0.29403,2.06215,1.29275,0.0013,0.00110435,0.00110435,0.00110435
789,1217.06,1.88168,1.14423,0.00097,0.74599,0.55172,0.60024,0.29403,2.06215,1.29275,0.0013,0.0010994,0.0010994,0.0010994
790,1218.56,1.97535,1.21763,0.00088,0.78981,0.56897,0.61153,0.30301,2.05961,1.27716,0.0013,0.00109445,0.00109445,0.00109445
791,1219.95,1.95681,1.39849,0.00086,0.78981,0.56897,0.61153,0.30301,2.05961,1.27716,0.0013,0.0010895,0.0010895,0.0010895
792,1221.38,1.94801,1.1781,0.00097,0.78981,0.56897,0.61153,0.30301,2.05961,1.27716,0.0013,0.00108455,0.00108455,0.00108455
793,1222.74,1.85436,1.16842,0.00097,0.78981,0.56897,0.61153,0.30301,2.05961,1.27716,0.0013,0.0010796,0.0010796,0.0010796
794,1224.41,1.95675,1.28767,0.00092,0.80344,0.58621,0.60752,0.30149,2.09839,1.27097,0.00131,0.00107465,0.00107465,0.00107465
795,1225.88,1.80277,1.29029,0.00098,0.80344,0.58621,0.60752,0.30149,2.09839,1.27097,0.00131,0.0010697,0.0010697,0.0010697
796,1227.31,1.66514,1.15245,0.00076,0.80344,0.58621,0.60752,0.30149,2.09839,1.27097,0.00131,0.00106475,0.00106475,0.00106475
797,1228.79,1.81275,1.31531,0.00088,0.80344,0.58621,0.60752,0.30149,2.09839,1.27097,0.00131,0.0010598,0.0010598,0.0010598
798,1230.3,2.15001,1.49403,0.00099,0.75453,0.58621,0.61039,0.30782,2.07769,1.27273,0.0013,0.00105485,0.00105485,0.00105485
799,1231.82,1.78437,1.15771,0.00085,0.75453,0.58621,0.61039,0.30782,2.07769,1.27273,0.0013,0.0010499,0.0010499,0.0010499
800,1233.24,1.88805,1.15969,0.00096,0.75453,0.58621,0.61039,0.30782,2.07769,1.27273,0.0013,0.00104495,0.00104495,0.00104495
801,1234.68,2.49131,1.6489,0.00103,0.75453,0.58621,0.61039,0.30782,2.07769,1.27273,0.0013,0.00104,0.00104,0.00104
802,1236.17,1.73207,0.99058,0.00098,0.79362,0.56897,0.61501,0.30944,2.06653,1.24367,0.00133,0.00103505,0.00103505,0.00103505
803,1237.58,2.03239,1.18841,0.00094,0.79362,0.56897,0.61501,0.30944,2.06653,1.24367,0.00133,0.0010301,0.0010301,0.0010301
804,1239.19,1.93562,1.29948,0.00092,0.79362,0.56897,0.61501,0.30944,2.06653,1.24367,0.00133,0.00102515,0.00102515,0.00102515
805,1240.49,1.94849,1.20421,0.0009,0.79362,0.56897,0.61501,0.30944,2.06653,1.24367,0.00133,0.0010202,0.0010202,0.0010202
806,1242.03,1.8392,1.28819,0.0009,0.78965,0.5826,0.61946,0.30953,2.05745,1.25287,0.00131,0.00101525,0.00101525,0.00101525
807,1243.55,1.77689,1.11576,0.00084,0.78965,0.5826,0.61946,0.30953,2.05745,1.25287,0.00131,0.0010103,0.0010103,0.0010103
808,1245,2.1331,1.34566,0.00101,0.78965,0.5826,0.61946,0.30953,2.05745,1.25287,0.00131,0.00100535,0.00100535,0.00100535
809,1246.62,1.82906,1.34039,0.00085,0.78965,0.5826,0.61946,0.30953,2.05745,1.25287,0.00131,0.0010004,0.0010004,0.0010004
810,1248.11,1.7732,1.07812,0.0009,0.75649,0.58924,0.6176,0.3092,2.06682,1.21342,0.00131,0.00099545,0.00099545,0.00099545
811,1249.56,1.6731,1.10924,0.0009,0.75649,0.58924,0.6176,0.3092,2.06682,1.21342,0.00131,0.0009905,0.0009905,0.0009905
812,1251.03,1.94774,1.2375,0.00102,0.75649,0.58924,0.6176,0.3092,2.06682,1.21342,0.00131,0.00098555,0.00098555,0.00098555
813,1252.44,2.01339,1.06196,0.00102,0.75649,0.58924,0.6176,0.3092,2.06682,1.21342,0.00131,0.0009806,0.0009806,0.0009806
814,1254.08,2.10875,1.10398,0.00106,0.80043,0.56897,0.62024,0.31521,2.06498,1.20819,0.00131,0.00097565,0.00097565,0.00097565
815,1255.61,1.73741,1.04897,0.0009,0.80043,0.56897,0.62024,0.31521,2.06498,1.20819,0.00131,0.0009707,0.0009707,0.0009707
816,1257.12,2.13303,1.3948,0.00103,0.80043,0.56897,0.62024,0.31521,2.06498,1.20819,0.00131,0.00096575,0.00096575,0.00096575
817,1258.55,1.59039,1.02081,0.00082,0.80043,0.56897,0.62024,0.31521,2.06498,1.20819,0.00131,0.0009608,0.0009608,0.0009608
818,1260.06,2.06345,1.21576,0.00098,0.77769,0.60345,0.64972,0.31715,2.06105,1.2019,0.0013,0.00095585,0.00095585,0.00095585
819,1261.72,2.08478,1.13945,0.00099,0.77769,0.60345,0.64972,0.31715,2.06105,1.2019,0.0013,0.0009509,0.0009509,0.0009509
820,1263.16,2.12231,1.13065,0.00105,0.77769,0.60345,0.64972,0.31715,2.06105,1.2019,0.0013,0.00094595,0.00094595,0.00094595
821,1264.74,1.86578,1.06344,0.00092,0.77769,0.60345,0.64972,0.31715,2.06105,1.2019,0.0013,0.000941,0.000941,0.000941
822,1266.12,1.92094,1.05714,0.00091,0.80389,0.60345,0.64923,0.3238,2.05474,1.21572,0.0013,0.00093605,0.00093605,0.00093605
823,1267.54,1.93011,1.01582,0.0009,0.80389,0.60345,0.64923,0.3238,2.05474,1.21572,0.0013,0.0009311,0.0009311,0.0009311
824,1269.2,2.24617,1.25056,0.00099,0.80389,0.60345,0.64923,0.3238,2.05474,1.21572,0.0013,0.00092615,0.00092615,0.00092615
825,1270.77,1.91827,1.1394,0.00089,0.80389,0.60345,0.64923,0.3238,2.05474,1.21572,0.0013,0.0009212,0.0009212,0.0009212
826,1272.36,2.11962,1.34302,0.00096,0.77594,0.59719,0.64594,0.32017,2.09518,1.22053,0.0013,0.00091625,0.00091625,0.00091625
827,1273.82,1.92942,1.22336,0.00103,0.77594,0.59719,0.64594,0.32017,2.09518,1.22053,0.0013,0.0009113,0.0009113,0.0009113
828,1275.25,2.22113,1.25636,0.001,0.77594,0.59719,0.64594,0.32017,2.09518,1.22053,0.0013,0.00090635,0.00090635,0.00090635
829,1276.82,2.07381,1.40407,0.00094,0.77594,0.59719,0.64594,0.32017,2.09518,1.22053,0.0013,0.0009014,0.0009014,0.0009014
830,1278.34,1.85732,1.21539,0.00087,0.76341,0.60345,0.63757,0.32086,2.06913,1.2438,0.0013,0.00089645,0.00089645,0.00089645
831,1279.85,2.10417,1.24581,0.00097,0.76341,0.60345,0.63757,0.32086,2.06913,1.2438,0.0013,0.0008915,0.0008915,0.0008915
832,1281.32,1.92051,1.28804,0.00095,0.76341,0.60345,0.63757,0.32086,2.06913,1.2438,0.0013,0.00088655,0.00088655,0.00088655
833,1282.79,1.72636,1.08937,0.00085,0.76341,0.60345,0.63757,0.32086,2.06913,1.2438,0.0013,0.0008816,0.0008816,0.0008816
834,1284.47,1.79237,1.11775,0.00096,0.75766,0.60345,0.64164,0.3202,2.06092,1.27443,0.00128,0.00087665,0.00087665,0.00087665
835,1285.93,2.34583,1.51035,0.00104,0.75766,0.60345,0.64164,0.3202,2.06092,1.27443,0.00128,0.0008717,0.0008717,0.0008717
836,1287.32,1.96104,1.1643,0.00094,0.75766,0.60345,0.64164,0.3202,2.06092,1.27443,0.00128,0.00086675,0.00086675,0.00086675
837,1288.75,2.37412,1.42429,0.001,0.75766,0.60345,0.64164,0.3202,2.06092,1.27443,0.00128,0.0008618,0.0008618,0.0008618
838,1290.24,1.73022,1.09934,0.0009,0.75117,0.56897,0.64224,0.31843,2.09703,1.26471,0.00132,0.00085685,0.00085685,0.00085685
839,1291.86,1.77144,1.08085,0.00085,0.75117,0.56897,0.64224,0.31843,2.09703,1.26471,0.00132,0.0008519,0.0008519,0.0008519
840,1293.25,1.59988,0.9396,0.00078,0.75117,0.56897,0.64224,0.31843,2.09703,1.26471,0.00132,0.00084695,0.00084695,0.00084695
841,1294.75,2.09183,1.34085,0.00088,0.75117,0.56897,0.64224,0.31843,2.09703,1.26471,0.00132,0.000842,0.000842,0.000842
842,1296.22,1.74578,1.02602,0.00085,0.83588,0.55172,0.64335,0.31867,2.06963,1.28757,0.00129,0.00083705,0.00083705,0.00083705
843,1297.7,1.88624,1.24989,0.00086,0.83588,0.55172,0.64335,0.31867,2.06963,1.28757,0.00129,0.0008321,0.0008321,0.0008321
844,1299.21,2.12684,1.21342,0.00097,0.83588,0.55172,0.64335,0.31867,2.06963,1.28757,0.00129,0.00082715,0.00082715,0.00082715
845,1300.61,1.98591,1.09853,0.00098,0.83588,0.55172,0.64335,0.31867,2.06963,1.28757,0.00129,0.0008222,0.0008222,0.0008222
846,1302.07,1.89769,1.36898,0.00086,0.83569,0.51724,0.60959,0.31777,2.06655,1.30195,0.00127,0.00081725,0.00081725,0.00081725
847,1303.51,1.71356,1.08258,0.00089,0.83569,0.51724,0.60959,0.31777,2.06655,1.30195,0.00127,0.0008123,0.0008123,0.0008123
848,1304.98,1.82978,1.07795,0.00086,0.83569,0.51724,0.60959,0.31777,2.06655,1.30195,0.00127,0.00080735,0.00080735,0.00080735
849,1306.56,2.08021,1.18606,0.00104,0.83569,0.51724,0.60959,0.31777,2.06655,1.30195,0.00127,0.0008024,0.0008024,0.0008024
850,1308.06,2.02064,1.33314,0.00086,0.86265,0.54153,0.65085,0.3205,2.07265,1.26641,0.00129,0.00079745,0.00079745,0.00079745
851,1309.57,1.72634,1.10277,0.00083,0.86265,0.54153,0.65085,0.3205,2.07265,1.26641,0.00129,0.0007925,0.0007925,0.0007925
852,1311.06,1.69454,1.01259,0.00084,0.86265,0.54153,0.65085,0.3205,2.07265,1.26641,0.00129,0.00078755,0.00078755,0.00078755
853,1312.46,1.99668,1.17597,0.0009,0.86265,0.54153,0.65085,0.3205,2.07265,1.26641,0.00129,0.0007826,0.0007826,0.0007826
854,1314.01,2.1586,1.42253,0.0009,0.75869,0.59638,0.65,0.31695,2.07629,1.25752,0.00128,0.00077765,0.00077765,0.00077765
855,1315.48,2.42477,1.45473,0.00108,0.75869,0.59638,0.65,0.31695,2.07629,1.25752,0.00128,0.0007727,0.0007727,0.0007727
856,1316.95,2.06503,1.22294,0.00094,0.75869,0.59638,0.65,0.31695,2.07629,1.25752,0.00128,0.00076775,0.00076775,0.00076775
857,1318.43,1.8163,1.26943,0.00087,0.75869,0.59638,0.65,0.31695,2.07629,1.25752,0.00128,0.0007628,0.0007628,0.0007628
858,1320.12,2.09219,1.07423,0.00115,0.7493,0.55172,0.61337,0.31613,2.05683,1.2562,0.00129,0.00075785,0.00075785,0.00075785
859,1321.63,1.88564,1.15057,0.00093,0.7493,0.55172,0.61337,0.31613,2.05683,1.2562,0.00129,0.0007529,0.0007529,0.0007529
860,1323.03,2.17887,1.33735,0.00107,0.7493,0.55172,0.61337,0.31613,2.05683,1.2562,0.00129,0.00074795,0.00074795,0.00074795
861,1324.39,2.02617,1.18516,0.00103,0.7493,0.55172,0.61337,0.31613,2.05683,1.2562,0.00129,0.000743,0.000743,0.000743
862,1325.75,1.99318,1.16601,0.00094,0.72482,0.60345,0.61204,0.30957,2.07921,1.25039,0.00131,0.00073805,0.00073805,0.00073805
863,1327.17,1.8331,1.08715,0.00104,0.72482,0.60345,0.61204,0.30957,2.07921,1.25039,0.00131,0.0007331,0.0007331,0.0007331
864,1328.61,1.93326,1.09331,0.00094,0.72482,0.60345,0.61204,0.30957,2.07921,1.25039,0.00131,0.00072815,0.00072815,0.00072815
865,1329.95,1.73787,1.18597,0.00081,0.72482,0.60345,0.61204,0.30957,2.07921,1.25039,0.00131,0.0007232,0.0007232,0.0007232
866,1331.33,1.92803,1.04412,0.00094,0.72603,0.60345,0.61349,0.31298,2.07113,1.24268,0.0013,0.00071825,0.00071825,0.00071825
867,1332.67,1.69948,0.91698,0.00097,0.72603,0.60345,0.61349,0.31298,2.07113,1.24268,0.0013,0.0007133,0.0007133,0.0007133
868,1334,2.08378,1.35768,0.00099,0.72603,0.60345,0.61349,0.31298,2.07113,1.24268,0.0013,0.00070835,0.00070835,0.00070835
869,1335.53,1.89956,1.12063,0.00093,0.72603,0.60345,0.61349,0.31298,2.07113,1.24268,0.0013,0.0007034,0.0007034,0.0007034
870,1337,1.87106,1.09,0.001,0.736,0.60345,0.61829,0.31592,2.0621,1.24133,0.0013,0.00069845,0.00069845,0.00069845
871,1338.57,1.63885,1.05141,0.0008,0.736,0.60345,0.61829,0.31592,2.0621,1.24133,0.0013,0.0006935,0.0006935,0.0006935
872,1340.04,1.78747,1.07886,0.00088,0.736,0.60345,0.61829,0.31592,2.0621,1.24133,0.0013,0.00068855,0.00068855,0.00068855
873,1341.39,1.9911,1.05116,0.00097,0.736,0.60345,0.61829,0.31592,2.0621,1.24133,0.0013,0.0006836,0.0006836,0.0006836
874,1343.04,2.04674,1.16027,0.00101,0.73842,0.60345,0.61492,0.31442,2.05553,1.2511,0.00129,0.00067865,0.00067865,0.00067865
875,1344.49,1.75646,1.11684,0.0009,0.73842,0.60345,0.61492,0.31442,2.05553,1.2511,0.00129,0.0006737,0.0006737,0.0006737
876,1345.96,1.96058,1.42198,0.00096,0.73842,0.60345,0.61492,0.31442,2.05553,1.2511,0.00129,0.00066875,0.00066875,0.00066875
877,1347.35,1.85049,1.14508,0.00085,0.73842,0.60345,0.61492,0.31442,2.05553,1.2511,0.00129,0.0006638,0.0006638,0.0006638
878,1348.83,1.66001,0.93669,0.00087,0.74201,0.62069,0.61145,0.3194,2.0465,1.25684,0.00129,0.00065885,0.00065885,0.00065885
879,1350.47,1.87719,1.18414,0.00085,0.74201,0.62069,0.61145,0.3194,2.0465,1.25684,0.00129,0.0006539,0.0006539,0.0006539
880,1351.97,1.73462,1.09417,0.00085,0.74201,0.62069,0.61145,0.3194,2.0465,1.25684,0.00129,0.00064895,0.00064895,0.00064895
881,1353.45,1.99901,1.19815,0.001,0.74201,0.62069,0.61145,0.3194,2.0465,1.25684,0.00129,0.000644,0.000644,0.000644
882,1354.95,2.02962,1.23733,0.00086,0.76503,0.62069,0.61007,0.31344,2.03649,1.25481,0.00128,0.00063905,0.00063905,0.00063905
883,1356.36,2.04779,1.2,0.001,0.76503,0.62069,0.61007,0.31344,2.03649,1.25481,0.00128,0.0006341,0.0006341,0.0006341
884,1357.94,1.84744,0.97532,0.00097,0.76503,0.62069,0.61007,0.31344,2.03649,1.25481,0.00128,0.00062915,0.00062915,0.00062915
885,1359.41,2.31568,1.52716,0.00093,0.76503,0.62069,0.61007,0.31344,2.03649,1.25481,0.00128,0.0006242,0.0006242,0.0006242
886,1360.78,1.81789,1.21978,0.00092,0.75487,0.60345,0.60826,0.31155,2.01198,1.25115,0.00127,0.00061925,0.00061925,0.00061925
887,1362.28,2.13742,1.4122,0.00086,0.75487,0.60345,0.60826,0.31155,2.01198,1.25115,0.00127,0.0006143,0.0006143,0.0006143
888,1363.78,2.16309,1.50495,0.00093,0.75487,0.60345,0.60826,0.31155,2.01198,1.25115,0.00127,0.00060935,0.00060935,0.00060935
889,1365.35,1.95956,1.17673,0.00094,0.75487,0.60345,0.60826,0.31155,2.01198,1.25115,0.00127,0.0006044,0.0006044,0.0006044
890,1366.9,1.93347,1.1298,0.00083,0.7444,0.60345,0.60726,0.31121,2.02308,1.24488,0.00127,0.00059945,0.00059945,0.00059945
891,1368.36,2.15705,1.44421,0.00091,0.7444,0.60345,0.60726,0.31121,2.02308,1.24488,0.00127,0.0005945,0.0005945,0.0005945
892,1369.79,1.60315,1.07236,0.00084,0.7444,0.60345,0.60726,0.31121,2.02308,1.24488,0.00127,0.00058955,0.00058955,0.00058955
893,1371.36,1.9192,1.12204,0.00093,0.7444,0.60345,0.60726,0.31121,2.02308,1.24488,0.00127,0.0005846,0.0005846,0.0005846
894,1372.91,2.23352,1.27555,0.00096,0.74686,0.60345,0.60407,0.30156,2.02564,1.25612,0.00126,0.00057965,0.00057965,0.00057965
895,1374.32,1.90234,1.1869,0.00086,0.74686,0.60345,0.60407,0.30156,2.02564,1.25612,0.00126,0.0005747,0.0005747,0.0005747
896,1375.77,2.08752,1.2684,0.00101,0.74686,0.60345,0.60407,0.30156,2.02564,1.25612,0.00126,0.00056975,0.00056975,0.00056975
897,1377.21,2.03438,1.18253,0.00096,0.74686,0.60345,0.60407,0.30156,2.02564,1.25612,0.00126,0.0005648,0.0005648,0.0005648
898,1378.85,2.4518,1.4956,0.00105,0.76325,0.61153,0.64165,0.30923,2.03343,1.25212,0.00126,0.00055985,0.00055985,0.00055985
899,1380.3,2.2657,1.51327,0.00103,0.76325,0.61153,0.64165,0.30923,2.03343,1.25212,0.00126,0.0005549,0.0005549,0.0005549
900,1381.82,2.16846,1.29902,0.00092,0.76325,0.61153,0.64165,0.30923,2.03343,1.25212,0.00126,0.00054995,0.00054995,0.00054995
901,1383.26,1.7759,1.04417,0.00104,0.76325,0.61153,0.64165,0.30923,2.03343,1.25212,0.00126,0.000545,0.000545,0.000545
902,1384.77,1.80634,1.14841,0.00086,0.7462,0.58621,0.60791,0.30943,2.00457,1.23919,0.00125,0.00054005,0.00054005,0.00054005
903,1386.23,1.78959,1.01988,0.00097,0.7462,0.58621,0.60791,0.30943,2.00457,1.23919,0.00125,0.0005351,0.0005351,0.0005351
904,1387.77,1.92704,0.96314,0.00117,0.7462,0.58621,0.60791,0.30943,2.00457,1.23919,0.00125,0.00053015,0.00053015,0.00053015
905,1389.16,1.8809,0.9915,0.00093,0.7462,0.58621,0.60791,0.30943,2.00457,1.23919,0.00125,0.0005252,0.0005252,0.0005252
906,1390.74,2.05344,1.102,0.00106,0.75435,0.58247,0.61054,0.30415,2.03105,1.24553,0.00125,0.00052025,0.00052025,0.00052025
907,1392.23,1.85543,1.06309,0.0009,0.75435,0.58247,0.61054,0.30415,2.03105,1.24553,0.00125,0.0005153,0.0005153,0.0005153
908,1393.73,1.91177,1.27228,0.00101,0.75435,0.58247,0.61054,0.30415,2.03105,1.24553,0.00125,0.00051035,0.00051035,0.00051035
909,1395.28,1.84289,1.09546,0.00088,0.75435,0.58247,0.61054,0.30415,2.03105,1.24553,0.00125,0.0005054,0.0005054,0.0005054
910,1396.77,1.64418,0.95323,0.00091,0.75857,0.59598,0.60921,0.31131,2.00788,1.24868,0.00125,0.00050045,0.00050045,0.00050045
911,1398.3,1.95473,1.18873,0.00101,0.75857,0.59598,0.60921,0.31131,2.00788,1.24868,0.00125,0.0004955,0.0004955,0.0004955
912,1399.81,2.39924,1.38706,0.00101,0.75857,0.59598,0.60921,0.31131,2.00788,1.24868,0.00125,0.00049055,0.00049055,0.00049055
913,1401.29,1.99011,1.33,0.00096,0.75857,0.59598,0.60921,0.31131,2.00788,1.24868,0.00125,0.0004856,0.0004856,0.0004856
914,1402.94,1.55806,0.86236,0.00086,0.69949,0.60345,0.60248,0.3077,2.01223,1.2559,0.00125,0.00048065,0.00048065,0.00048065
915,1404.42,2.16157,1.34985,0.00106,0.69949,0.60345,0.60248,0.3077,2.01223,1.2559,0.00125,0.0004757,0.0004757,0.0004757
916,1405.89,2.04457,1.18963,0.00092,0.69949,0.60345,0.60248,0.3077,2.01223,1.2559,0.00125,0.00047075,0.00047075,0.00047075
917,1407.37,1.83694,1.17999,0.00091,0.69949,0.60345,0.60248,0.3077,2.01223,1.2559,0.00125,0.0004658,0.0004658,0.0004658
918,1408.92,1.78964,1.013,0.00099,0.75462,0.58331,0.60354,0.30545,2.03187,1.27069,0.00125,0.00046085,0.00046085,0.00046085
919,1410.61,2.12342,1.28681,0.0009,0.75462,0.58331,0.60354,0.30545,2.03187,1.27069,0.00125,0.0004559,0.0004559,0.0004559
920,1412.12,1.91124,1.18238,0.00098,0.75462,0.58331,0.60354,0.30545,2.03187,1.27069,0.00125,0.00045095,0.00045095,0.00045095
921,1413.59,1.92611,1.17403,0.00086,0.75462,0.58331,0.60354,0.30545,2.03187,1.27069,0.00125,0.000446,0.000446,0.000446
922,1415.03,2.13592,1.34979,0.00099,0.74338,0.55172,0.60111,0.31529,1.99404,1.26978,0.00124,0.00044105,0.00044105,0.00044105
