epoch,time,train/box_loss,train/cls_loss,train/dfl_loss,metrics/precision(B),metrics/recall(B),metrics/mAP50(B),metrics/mAP50-95(B),val/box_loss,val/cls_loss,val/dfl_loss,lr/pg0,lr/pg1,lr/pg2
1,1.11225,3.41326,5.31545,0.00321,0.01835,0.04255,0.01016,0.00729,3.76438,5.31343,0.00435,4e-05,4e-05,0.09604
2,2.27749,3.70903,5.29498,0.00309,0.01778,0.04255,0.00979,0.00655,3.74394,5.37276,0.00428,8.99109e-05,8.99109e-05,0.0910899
3,3.44186,2.24344,3.83652,0.00195,0.01843,0.04255,0.0102,0.00681,3.66048,5.42206,0.00405,0.000139723,0.000139723,0.0861397
4,4.79654,2.5458,3.98377,0.00209,0.01869,0.04255,0.01041,0.00695,3.60915,5.43333,0.00388,0.000189436,0.000189436,0.0811894
5,5.94594,3.07748,5.09188,0.00273,0.02995,0.19149,0.02111,0.00588,3.38907,4.44106,0.0031,0.00023905,0.00023905,0.076239
6,7.30022,2.95594,4.36412,0.00218,0.02995,0.19149,0.02111,0.00588,3.38907,4.44106,0.0031,0.000288564,0.000288564,0.0712886
7,8.60509,3.17794,4.40459,0.00219,0.02995,0.19149,0.02111,0.00588,3.38907,4.44106,0.0031,0.00033798,0.00033798,0.066338
8,9.95459,3.12075,3.95057,0.00239,0.09582,0.05319,0.02704,0.00706,3.21381,3.57984,0.00257,0.000387297,0.000387297,0.0613873
9,11.2041,3.41299,4.08993,0.00229,0.09582,0.05319,0.02704,0.00706,3.21381,3.57984,0.00257,0.000436515,0.000436515,0.0564365
10,12.6959,3.22139,4.56011,0.00208,0.09582,0.05319,0.02704,0.00706,3.21381,3.57984,0.00257,0.000485634,0.000485634,0.0514856
11,14.0194,3.80373,4.4059,0.00268,0.09373,0.11702,0.0405,0.0099,3.2178,3.18571,0.0025,0.000534654,0.000534654,0.0465347
12,15.2705,2.70969,3.21085,0.00168,0.09373,0.11702,0.0405,0.0099,3.2178,3.18571,0.0025,0.000583575,0.000583575,0.0415836
13,16.5592,3.39382,3.32582,0.00225,0.09373,0.11702,0.0405,0.0099,3.2178,3.18571,0.0025,0.000632397,0.000632397,0.0366324
14,17.9122,3.3307,3.75066,0.00225,0.09373,0.11702,0.0405,0.0099,3.2178,3.18571,0.0025,0.00068112,0.00068112,0.0316811
15,19.286,3.07465,3.14686,0.00238,0.09373,0.11702,0.0405,0.0099,3.2178,3.18571,0.0025,0.000729744,0.000729744,0.0267297
16,20.5439,3.05074,3.29684,0.00199,0.10645,0.15957,0.04949,0.01394,3.103,3.07639,0.00237,0.000778268,0.000778268,0.0217783
17,21.741,2.92572,2.81393,0.00196,0.10645,0.15957,0.04949,0.01394,3.103,3.07639,0.00237,0.000826694,0.000826694,0.0168267
18,23.0844,3.13061,3.29944,0.00225,0.10645,0.15957,0.04949,0.01394,3.103,3.07639,0.00237,0.000875021,0.000875021,0.011875
19,24.3452,2.94685,3.02206,0.00204,0.10645,0.15957,0.04949,0.01394,3.103,3.07639,0.00237,0.000923249,0.000923249,0.00692325
20,25.8078,3.19953,2.89466,0.00215,0.10645,0.15957,0.04949,0.01394,3.103,3.07639,0.00237,0.000971378,0.000971378,0.00197138
21,27.0673,2.93462,3.18896,0.00202,0.10645,0.15957,0.04949,0.01394,3.103,3.07639,0.00237,0.0009802,0.0009802,0.0009802
22,28.3459,3.09537,3.24886,0.00202,0.10645,0.15957,0.04949,0.01394,3.103,3.07639,0.00237,0.00097921,0.00097921,0.00097921
23,29.6506,3.32923,3.73218,0.00216,0.1268,0.19149,0.06038,0.01708,3.02521,3.04508,0.00231,0.00097822,0.00097822,0.00097822
24,30.9854,2.74094,3.03028,0.002,0.1268,0.19149,0.06038,0.01708,3.02521,3.04508,0.00231,0.00097723,0.00097723,0.00097723
25,32.4069,2.90072,3.41811,0.00193,0.1268,0.19149,0.06038,0.01708,3.02521,3.04508,0.00231,0.00097624,0.00097624,0.00097624
26,33.727,2.64425,2.75659,0.00177,0.1268,0.19149,0.06038,0.01708,3.02521,3.04508,0.00231,0.00097525,0.00097525,0.00097525
27,35.0078,2.37382,3.00407,0.00151,0.1268,0.19149,0.06038,0.01708,3.02521,3.04508,0.00231,0.00097426,0.00097426,0.00097426
28,36.4046,2.95614,2.61942,0.00217,0.1268,0.19149,0.06038,0.01708,3.02521,3.04508,0.00231,0.00097327,0.00097327,0.00097327
29,37.8068,3.31071,2.94598,0.00224,0.13892,0.18085,0.05859,0.01872,2.93888,3.11126,0.00224,0.00097228,0.00097228,0.00097228
30,39.072,3.01796,3.50937,0.00212,0.13892,0.18085,0.05859,0.01872,2.93888,3.11126,0.00224,0.00097129,0.00097129,0.00097129
31,40.4607,3.17715,3.65853,0.00213,0.13892,0.18085,0.05859,0.01872,2.93888,3.11126,0.00224,0.0009703,0.0009703,0.0009703
32,41.7094,2.66606,2.67032,0.00171,0.13892,0.18085,0.05859,0.01872,2.93888,3.11126,0.00224,0.00096931,0.00096931,0.00096931
33,42.983,2.62623,2.6756,0.00174,0.13892,0.18085,0.05859,0.01872,2.93888,3.11126,0.00224,0.00096832,0.00096832,0.00096832
34,44.2264,3.00713,2.68484,0.00195,0.13892,0.18085,0.05859,0.01872,2.93888,3.11126,0.00224,0.00096733,0.00096733,0.00096733
35,45.478,2.71546,2.66114,0.00205,0.12969,0.19149,0.05825,0.01836,2.94079,3.01399,0.00225,0.00096634,0.00096634,0.00096634
36,46.852,3.0686,3.18116,0.00198,0.12969,0.19149,0.05825,0.01836,2.94079,3.01399,0.00225,0.00096535,0.00096535,0.00096535
37,48.1547,3.22252,3.11852,0.0022,0.12969,0.19149,0.05825,0.01836,2.94079,3.01399,0.00225,0.00096436,0.00096436,0.00096436
38,49.4852,3.10595,3.29611,0.00243,0.12969,0.19149,0.05825,0.01836,2.94079,3.01399,0.00225,0.00096337,0.00096337,0.00096337
39,50.8445,2.63298,3.04932,0.00172,0.12969,0.19149,0.05825,0.01836,2.94079,3.01399,0.00225,0.00096238,0.00096238,0.00096238
40,52.152,3.4646,2.73759,0.00243,0.12969,0.19149,0.05825,0.01836,2.94079,3.01399,0.00225,0.00096139,0.00096139,0.00096139
41,53.4787,3.11384,2.95638,0.00215,0.12969,0.19149,0.05825,0.01836,2.94079,3.01399,0.00225,0.0009604,0.0009604,0.0009604
42,54.9184,3.18997,3.08418,0.0021,0.11114,0.20213,0.05524,0.02144,2.86532,3.11877,0.0022,0.00095941,0.00095941,0.00095941
43,56.2078,3.14305,3.60745,0.00203,0.11114,0.20213,0.05524,0.02144,2.86532,3.11877,0.0022,0.00095842,0.00095842,0.00095842
44,57.5129,3.3774,3.39122,0.00216,0.11114,0.20213,0.05524,0.02144,2.86532,3.11877,0.0022,0.00095743,0.00095743,0.00095743
45,58.8709,3.1747,3.3532,0.00202,0.11114,0.20213,0.05524,0.02144,2.86532,3.11877,0.0022,0.00095644,0.00095644,0.00095644
46,60.2052,2.59756,2.52083,0.00182,0.11114,0.20213,0.05524,0.02144,2.86532,3.11877,0.0022,0.00095545,0.00095545,0.00095545
47,61.6848,3.19645,3.97737,0.00203,0.11114,0.20213,0.05524,0.02144,2.86532,3.11877,0.0022,0.00095446,0.00095446,0.00095446
48,62.9649,2.57958,3.28327,0.00192,0.1145,0.20213,0.05368,0.02055,2.86868,3.01291,0.00222,0.00095347,0.00095347,0.00095347
49,64.2367,2.55977,2.76693,0.00177,0.1145,0.20213,0.05368,0.02055,2.86868,3.01291,0.00222,0.00095248,0.00095248,0.00095248
50,65.5047,3.25271,3.29411,0.00213,0.1145,0.20213,0.05368,0.02055,2.86868,3.01291,0.00222,0.00095149,0.00095149,0.00095149
51,66.7499,2.79133,2.75698,0.00186,0.1145,0.20213,0.05368,0.02055,2.86868,3.01291,0.00222,0.0009505,0.0009505,0.0009505
52,68.1176,3.21044,3.27134,0.00202,0.1145,0.20213,0.05368,0.02055,2.86868,3.01291,0.00222,0.00094951,0.00094951,0.00094951
53,69.2369,2.96868,2.98019,0.00175,0.1145,0.20213,0.05368,0.02055,2.86868,3.01291,0.00222,0.00094852,0.00094852,0.00094852
54,70.5319,2.90757,3.18286,0.00207,0.1145,0.20213,0.05368,0.02055,2.86868,3.01291,0.00222,0.00094753,0.00094753,0.00094753
55,71.7258,2.50902,2.99782,0.00161,0.12131,0.20213,0.05644,0.02308,2.85249,3.10676,0.00222,0.00094654,0.00094654,0.00094654
56,73.0565,2.24845,3.14709,0.00153,0.12131,0.20213,0.05644,0.02308,2.85249,3.10676,0.00222,0.00094555,0.00094555,0.00094555
57,74.5783,3.0145,3.36861,0.00194,0.12131,0.20213,0.05644,0.02308,2.85249,3.10676,0.00222,0.00094456,0.00094456,0.00094456
58,75.8858,2.6633,3.1001,0.00194,0.12131,0.20213,0.05644,0.02308,2.85249,3.10676,0.00222,0.00094357,0.00094357,0.00094357
59,77.1783,2.63785,2.75393,0.00181,0.12131,0.20213,0.05644,0.02308,2.85249,3.10676,0.00222,0.00094258,0.00094258,0.00094258
60,78.4508,2.85533,2.49181,0.00192,0.12131,0.20213,0.05644,0.02308,2.85249,3.10676,0.00222,0.00094159,0.00094159,0.00094159
61,79.7217,2.91185,3.09172,0.00198,0.12737,0.2234,0.05781,0.02399,2.83027,3.17567,0.00222,0.0009406,0.0009406,0.0009406
62,81.0411,3.03216,3.30354,0.00209,0.12737,0.2234,0.05781,0.02399,2.83027,3.17567,0.00222,0.00093961,0.00093961,0.00093961
63,82.5592,2.95399,3.02655,0.00189,0.12737,0.2234,0.05781,0.02399,2.83027,3.17567,0.00222,0.00093862,0.00093862,0.00093862
64,83.875,2.91259,3.74755,0.00202,0.12737,0.2234,0.05781,0.02399,2.83027,3.17567,0.00222,0.00093763,0.00093763,0.00093763
65,85.2055,2.64185,3.64714,0.00157,0.12737,0.2234,0.05781,0.02399,2.83027,3.17567,0.00222,0.00093664,0.00093664,0.00093664
66,86.5402,2.69945,2.69405,0.00179,0.12737,0.2234,0.05781,0.02399,2.83027,3.17567,0.00222,0.00093565,0.00093565,0.00093565
67,87.9373,2.89665,3.36397,0.00171,0.14834,0.19149,0.06251,0.02576,2.82043,3.19044,0.00219,0.00093466,0.00093466,0.00093466
68,89.354,3.02819,2.68559,0.00196,0.14834,0.19149,0.06251,0.02576,2.82043,3.19044,0.00219,0.00093367,0.00093367,0.00093367
69,90.5976,2.78071,3.1317,0.00189,0.14834,0.19149,0.06251,0.02576,2.82043,3.19044,0.00219,0.00093268,0.00093268,0.00093268
70,91.8382,2.34396,2.74273,0.00149,0.14834,0.19149,0.06251,0.02576,2.82043,3.19044,0.00219,0.00093169,0.00093169,0.00093169
71,93.1161,2.6145,2.89993,0.00176,0.14834,0.19149,0.06251,0.02576,2.82043,3.19044,0.00219,0.0009307,0.0009307,0.0009307
72,94.4256,3.34054,3.2955,0.00222,0.14834,0.19149,0.06251,0.02576,2.82043,3.19044,0.00219,0.00092971,0.00092971,0.00092971
73,95.847,2.73715,3.1741,0.00199,0.14834,0.19149,0.06251,0.02576,2.82043,3.19044,0.00219,0.00092872,0.00092872,0.00092872
74,97.0834,2.88622,2.36163,0.00199,0.15626,0.21277,0.0655,0.02715,2.7968,3.06514,0.00218,0.00092773,0.00092773,0.00092773
75,98.2612,3.5458,4.19407,0.00223,0.15626,0.21277,0.0655,0.02715,2.7968,3.06514,0.00218,0.00092674,0.00092674,0.00092674
76,99.5749,3.0415,2.86329,0.002,0.15626,0.21277,0.0655,0.02715,2.7968,3.06514,0.00218,0.00092575,0.00092575,0.00092575
77,100.832,3.04201,3.02643,0.00194,0.15626,0.21277,0.0655,0.02715,2.7968,3.06514,0.00218,0.00092476,0.00092476,0.00092476
78,102.265,2.79896,2.69015,0.00193,0.15626,0.21277,0.0655,0.02715,2.7968,3.06514,0.00218,0.00092377,0.00092377,0.00092377
79,103.537,2.60721,2.59463,0.00186,0.15626,0.21277,0.0655,0.02715,2.7968,3.06514,0.00218,0.00092278,0.00092278,0.00092278
80,104.858,3.30981,3.18617,0.00212,0.18176,0.2234,0.06763,0.0274,2.78313,2.95495,0.00215,0.00092179,0.00092179,0.00092179
81,106.211,2.51901,3.14056,0.00193,0.18176,0.2234,0.06763,0.0274,2.78313,2.95495,0.00215,0.0009208,0.0009208,0.0009208
82,107.568,2.84512,3.12287,0.00174,0.18176,0.2234,0.06763,0.0274,2.78313,2.95495,0.00215,0.00091981,0.00091981,0.00091981
83,108.964,2.75276,3.06673,0.00193,0.18176,0.2234,0.06763,0.0274,2.78313,2.95495,0.00215,0.00091882,0.00091882,0.00091882
84,110.236,2.64102,2.91925,0.00167,0.18176,0.2234,0.06763,0.0274,2.78313,2.95495,0.00215,0.00091783,0.00091783,0.00091783
85,111.481,2.70942,3.16599,0.00155,0.18176,0.2234,0.06763,0.0274,2.78313,2.95495,0.00215,0.00091684,0.00091684,0.00091684
86,112.719,3.19801,2.93306,0.00215,0.18176,0.2234,0.06763,0.0274,2.78313,2.95495,0.00215,0.00091585,0.00091585,0.00091585
87,114.02,2.80012,2.73741,0.00193,0.18058,0.2234,0.07002,0.02885,2.77689,2.7897,0.00213,0.00091486,0.00091486,0.00091486
88,115.522,2.83099,3.00873,0.0018,0.18058,0.2234,0.07002,0.02885,2.77689,2.7897,0.00213,0.00091387,0.00091387,0.00091387
89,116.843,2.21824,2.29199,0.00161,0.18058,0.2234,0.07002,0.02885,2.77689,2.7897,0.00213,0.00091288,0.00091288,0.00091288
90,118.158,2.3825,3.21324,0.00169,0.18058,0.2234,0.07002,0.02885,2.77689,2.7897,0.00213,0.00091189,0.00091189,0.00091189
91,119.502,2.63393,2.93884,0.00168,0.18058,0.2234,0.07002,0.02885,2.77689,2.7897,0.00213,0.0009109,0.0009109,0.0009109
92,120.843,2.7309,2.61409,0.00174,0.18058,0.2234,0.07002,0.02885,2.77689,2.7897,0.00213,0.00090991,0.00090991,0.00090991
93,122.163,2.30992,2.92676,0.00162,0.18502,0.2234,0.08045,0.03254,2.75093,2.67609,0.00211,0.00090892,0.00090892,0.00090892
94,123.693,2.23192,2.89715,0.00144,0.18502,0.2234,0.08045,0.03254,2.75093,2.67609,0.00211,0.00090793,0.00090793,0.00090793
95,125.079,3.07339,3.23164,0.00207,0.18502,0.2234,0.08045,0.03254,2.75093,2.67609,0.00211,0.00090694,0.00090694,0.00090694
96,126.425,2.59496,2.72879,0.00183,0.18502,0.2234,0.08045,0.03254,2.75093,2.67609,0.00211,0.00090595,0.00090595,0.00090595
97,127.736,2.65695,3.60908,0.00174,0.18502,0.2234,0.08045,0.03254,2.75093,2.67609,0.00211,0.00090496,0.00090496,0.00090496
98,129.005,2.76778,2.60193,0.00165,0.18502,0.2234,0.08045,0.03254,2.75093,2.67609,0.00211,0.00090397,0.00090397,0.00090397
99,130.495,2.69613,2.97345,0.00185,0.20286,0.21277,0.07912,0.03336,2.71558,2.64418,0.00208,0.00090298,0.00090298,0.00090298
100,131.804,2.60876,2.52132,0.0017,0.20286,0.21277,0.07912,0.03336,2.71558,2.64418,0.00208,0.00090199,0.00090199,0.00090199
101,133.088,3.19069,3.00543,0.00189,0.20286,0.21277,0.07912,0.03336,2.71558,2.64418,0.00208,0.000901,0.000901,0.000901
102,134.379,2.99769,3.07793,0.00204,0.20286,0.21277,0.07912,0.03336,2.71558,2.64418,0.00208,0.00090001,0.00090001,0.00090001
103,135.661,2.14433,2.69157,0.00148,0.20286,0.21277,0.07912,0.03336,2.71558,2.64418,0.00208,0.00089902,0.00089902,0.00089902
104,136.95,2.96031,3.4423,0.00182,0.20286,0.21277,0.07912,0.03336,2.71558,2.64418,0.00208,0.00089803,0.00089803,0.00089803
105,138.292,2.16986,2.52939,0.00164,0.20286,0.21277,0.07912,0.03336,2.71558,2.64418,0.00208,0.00089704,0.00089704,0.00089704
106,139.573,3.30782,3.47157,0.00207,0.21782,0.2234,0.08633,0.03659,2.6517,2.62212,0.00201,0.00089605,0.00089605,0.00089605
107,140.925,2.81064,3.02124,0.00168,0.21782,0.2234,0.08633,0.03659,2.6517,2.62212,0.00201,0.00089506,0.00089506,0.00089506
108,142.277,2.88572,2.77759,0.00186,0.21782,0.2234,0.08633,0.03659,2.6517,2.62212,0.00201,0.00089407,0.00089407,0.00089407
109,143.692,2.88908,2.74819,0.00178,0.21782,0.2234,0.08633,0.03659,2.6517,2.62212,0.00201,0.00089308,0.00089308,0.00089308
110,145.084,3.11074,3.15285,0.00186,0.21782,0.2234,0.08633,0.03659,2.6517,2.62212,0.00201,0.00089209,0.00089209,0.00089209
111,146.362,3.07216,3.3025,0.00189,0.21782,0.2234,0.08633,0.03659,2.6517,2.62212,0.00201,0.0008911,0.0008911,0.0008911
112,147.77,2.51727,2.86432,0.00167,0.25694,0.21277,0.09254,0.03705,2.65829,2.63575,0.002,0.00089011,0.00089011,0.00089011
113,148.989,2.43951,2.61074,0.00141,0.25694,0.21277,0.09254,0.03705,2.65829,2.63575,0.002,0.00088912,0.00088912,0.00088912
114,150.3,2.50895,2.48834,0.00175,0.25694,0.21277,0.09254,0.03705,2.65829,2.63575,0.002,0.00088813,0.00088813,0.00088813
115,151.712,2.49696,2.62932,0.00157,0.25694,0.21277,0.09254,0.03705,2.65829,2.63575,0.002,0.00088714,0.00088714,0.00088714
116,152.968,3.01181,2.80785,0.00171,0.25694,0.21277,0.09254,0.03705,2.65829,2.63575,0.002,0.00088615,0.00088615,0.00088615
117,154.203,2.79319,2.7814,0.0018,0.25694,0.21277,0.09254,0.03705,2.65829,2.63575,0.002,0.00088516,0.00088516,0.00088516
118,155.424,3.05511,3.33327,0.00181,0.25694,0.21277,0.09254,0.03705,2.65829,2.63575,0.002,0.00088417,0.00088417,0.00088417
119,156.821,3.19647,3.00757,0.00173,0.26773,0.20213,0.09574,0.03981,2.63332,2.65346,0.002,0.00088318,0.00088318,0.00088318
120,158.258,2.80289,2.73806,0.00163,0.26773,0.20213,0.09574,0.03981,2.63332,2.65346,0.002,0.00088219,0.00088219,0.00088219
121,159.528,2.36674,2.56873,0.00151,0.26773,0.20213,0.09574,0.03981,2.63332,2.65346,0.002,0.0008812,0.0008812,0.0008812
122,160.811,2.72037,2.68084,0.00195,0.26773,0.20213,0.09574,0.03981,2.63332,2.65346,0.002,0.00088021,0.00088021,0.00088021
123,162.125,2.65913,3.15801,0.00158,0.26773,0.20213,0.09574,0.03981,2.63332,2.65346,0.002,0.00087922,0.00087922,0.00087922
124,163.39,2.61448,2.91283,0.00161,0.26773,0.20213,0.09574,0.03981,2.63332,2.65346,0.002,0.00087823,0.00087823,0.00087823
125,164.694,2.70716,2.54556,0.00159,0.26023,0.17021,0.09875,0.04004,2.6164,2.70273,0.00196,0.00087724,0.00087724,0.00087724
126,166.144,2.62885,2.62228,0.00179,0.26023,0.17021,0.09875,0.04004,2.6164,2.70273,0.00196,0.00087625,0.00087625,0.00087625
127,167.39,2.7066,2.71933,0.00182,0.26023,0.17021,0.09875,0.04004,2.6164,2.70273,0.00196,0.00087526,0.00087526,0.00087526
128,168.687,2.5187,2.4884,0.00163,0.26023,0.17021,0.09875,0.04004,2.6164,2.70273,0.00196,0.00087427,0.00087427,0.00087427
129,169.985,2.79893,2.83158,0.00191,0.26023,0.17021,0.09875,0.04004,2.6164,2.70273,0.00196,0.00087328,0.00087328,0.00087328
130,171.296,2.56982,2.61855,0.00167,0.26023,0.17021,0.09875,0.04004,2.6164,2.70273,0.00196,0.00087229,0.00087229,0.00087229
131,172.759,2.69591,2.8143,0.00152,0.27358,0.17021,0.10203,0.04122,2.63562,2.67103,0.00197,0.0008713,0.0008713,0.0008713
132,173.979,3.08706,3.00452,0.00173,0.27358,0.17021,0.10203,0.04122,2.63562,2.67103,0.00197,0.00087031,0.00087031,0.00087031
133,175.16,2.62805,2.79699,0.00178,0.27358,0.17021,0.10203,0.04122,2.63562,2.67103,0.00197,0.00086932,0.00086932,0.00086932
134,176.354,2.77792,3.10247,0.00162,0.27358,0.17021,0.10203,0.04122,2.63562,2.67103,0.00197,0.00086833,0.00086833,0.00086833
135,177.601,2.82174,2.85927,0.00196,0.27358,0.17021,0.10203,0.04122,2.63562,2.67103,0.00197,0.00086734,0.00086734,0.00086734
136,178.979,2.6712,2.56289,0.00181,0.27358,0.17021,0.10203,0.04122,2.63562,2.67103,0.00197,0.00086635,0.00086635,0.00086635
137,180.25,2.62193,2.84907,0.00164,0.27358,0.17021,0.10203,0.04122,2.63562,2.67103,0.00197,0.00086536,0.00086536,0.00086536
138,181.558,3.03142,3.01382,0.00173,0.24757,0.15957,0.10193,0.0426,2.6272,2.68732,0.00198,0.00086437,0.00086437,0.00086437
139,182.816,2.24364,2.5293,0.00143,0.24757,0.15957,0.10193,0.0426,2.6272,2.68732,0.00198,0.00086338,0.00086338,0.00086338
140,184.1,2.68573,2.67395,0.00163,0.24757,0.15957,0.10193,0.0426,2.6272,2.68732,0.00198,0.00086239,0.00086239,0.00086239
141,185.52,2.84505,2.97192,0.0018,0.24757,0.15957,0.10193,0.0426,2.6272,2.68732,0.00198,0.0008614,0.0008614,0.0008614
142,186.78,2.51912,2.76174,0.00157,0.24757,0.15957,0.10193,0.0426,2.6272,2.68732,0.00198,0.00086041,0.00086041,0.00086041
143,188.057,2.66893,2.86112,0.00181,0.24757,0.15957,0.10193,0.0426,2.6272,2.68732,0.00198,0.00085942,0.00085942,0.00085942
144,189.348,2.64951,2.66997,0.00151,0.24289,0.15957,0.10117,0.04309,2.64484,2.68291,0.00199,0.00085843,0.00085843,0.00085843
145,190.618,3.06428,2.98782,0.0017,0.24289,0.15957,0.10117,0.04309,2.64484,2.68291,0.00199,0.00085744,0.00085744,0.00085744
146,192.035,2.77126,2.76672,0.00172,0.24289,0.15957,0.10117,0.04309,2.64484,2.68291,0.00199,0.00085645,0.00085645,0.00085645
147,193.303,2.11005,2.46129,0.00129,0.24289,0.15957,0.10117,0.04309,2.64484,2.68291,0.00199,0.00085546,0.00085546,0.00085546
148,194.522,2.96111,2.80129,0.00161,0.24289,0.15957,0.10117,0.04309,2.64484,2.68291,0.00199,0.00085447,0.00085447,0.00085447
149,195.725,2.65913,2.73058,0.00157,0.24289,0.15957,0.10117,0.04309,2.64484,2.68291,0.00199,0.00085348,0.00085348,0.00085348
150,196.954,3.11673,3.06235,0.00178,0.24289,0.15957,0.10117,0.04309,2.64484,2.68291,0.00199,0.00085249,0.00085249,0.00085249
151,198.427,2.93991,3.09566,0.0018,0.25392,0.19554,0.09532,0.04048,2.66949,2.63394,0.002,0.0008515,0.0008515,0.0008515
152,199.751,2.98502,3.01127,0.00174,0.25392,0.19554,0.09532,0.04048,2.66949,2.63394,0.002,0.00085051,0.00085051,0.00085051
153,201.056,2.71941,2.94182,0.00164,0.25392,0.19554,0.09532,0.04048,2.66949,2.63394,0.002,0.00084952,0.00084952,0.00084952
154,202.335,2.51429,2.53154,0.00151,0.25392,0.19554,0.09532,0.04048,2.66949,2.63394,0.002,0.00084853,0.00084853,0.00084853
155,203.65,2.6536,2.4391,0.00173,0.25392,0.19554,0.09532,0.04048,2.66949,2.63394,0.002,0.00084754,0.00084754,0.00084754
156,204.943,2.91801,2.93019,0.00156,0.25392,0.19554,0.09532,0.04048,2.66949,2.63394,0.002,0.00084655,0.00084655,0.00084655
157,206.32,2.18275,2.33278,0.00142,0.25635,0.22006,0.09645,0.03946,2.70171,2.61502,0.00201,0.00084556,0.00084556,0.00084556
158,207.575,2.80916,2.84477,0.00179,0.25635,0.22006,0.09645,0.03946,2.70171,2.61502,0.00201,0.00084457,0.00084457,0.00084457
159,208.82,2.84757,2.8873,0.00178,0.25635,0.22006,0.09645,0.03946,2.70171,2.61502,0.00201,0.00084358,0.00084358,0.00084358
160,210.063,2.67479,2.58001,0.00154,0.25635,0.22006,0.09645,0.03946,2.70171,2.61502,0.00201,0.00084259,0.00084259,0.00084259
161,211.187,2.78504,2.89997,0.00182,0.25635,0.22006,0.09645,0.03946,2.70171,2.61502,0.00201,0.0008416,0.0008416,0.0008416
162,212.435,2.57913,2.76468,0.00157,0.25635,0.22006,0.09645,0.03946,2.70171,2.61502,0.00201,0.00084061,0.00084061,0.00084061
163,213.727,2.45341,2.43784,0.00171,0.25193,0.20783,0.10246,0.04274,2.68376,2.5876,0.002,0.00083962,0.00083962,0.00083962
164,215.006,2.33215,2.50441,0.00155,0.25193,0.20783,0.10246,0.04274,2.68376,2.5876,0.002,0.00083863,0.00083863,0.00083863
165,216.246,2.73667,2.65911,0.00175,0.25193,0.20783,0.10246,0.04274,2.68376,2.5876,0.002,0.00083764,0.00083764,0.00083764
166,217.557,2.49296,2.64996,0.00141,0.25193,0.20783,0.10246,0.04274,2.68376,2.5876,0.002,0.00083665,0.00083665,0.00083665
167,219.001,2.89402,2.76551,0.00176,0.25193,0.20783,0.10246,0.04274,2.68376,2.5876,0.002,0.00083566,0.00083566,0.00083566
168,220.275,2.55905,3.18839,0.00144,0.25193,0.20783,0.10246,0.04274,2.68376,2.5876,0.002,0.00083467,0.00083467,0.00083467
169,221.551,2.56595,2.96138,0.00142,0.25193,0.20783,0.10246,0.04274,2.68376,2.5876,0.002,0.00083368,0.00083368,0.00083368
170,222.781,1.86969,2.14324,0.00122,0.27257,0.23404,0.10518,0.0428,2.67241,2.58339,0.00202,0.00083269,0.00083269,0.00083269
171,224.094,2.85459,2.57707,0.0017,0.27257,0.23404,0.10518,0.0428,2.67241,2.58339,0.00202,0.0008317,0.0008317,0.0008317
172,225.389,2.55315,2.41808,0.00157,0.27257,0.23404,0.10518,0.0428,2.67241,2.58339,0.00202,0.00083071,0.00083071,0.00083071
173,226.892,2.70356,2.84575,0.00155,0.27257,0.23404,0.10518,0.0428,2.67241,2.58339,0.00202,0.00082972,0.00082972,0.00082972
174,228.291,2.49544,2.58401,0.00156,0.27257,0.23404,0.10518,0.0428,2.67241,2.58339,0.00202,0.00082873,0.00082873,0.00082873
175,229.628,2.82999,2.73307,0.00164,0.27257,0.23404,0.10518,0.0428,2.67241,2.58339,0.00202,0.00082774,0.00082774,0.00082774
176,230.998,2.38711,2.38629,0.00155,0.26512,0.23404,0.11007,0.04525,2.69463,2.54328,0.00205,0.00082675,0.00082675,0.00082675
177,232.344,2.10165,2.16134,0.00146,0.26512,0.23404,0.11007,0.04525,2.69463,2.54328,0.00205,0.00082576,0.00082576,0.00082576
178,233.795,2.874,2.49993,0.00151,0.26512,0.23404,0.11007,0.04525,2.69463,2.54328,0.00205,0.00082477,0.00082477,0.00082477
179,235.113,2.4821,2.59477,0.00162,0.26512,0.23404,0.11007,0.04525,2.69463,2.54328,0.00205,0.00082378,0.00082378,0.00082378
180,236.446,2.5773,2.46708,0.00171,0.26512,0.23404,0.11007,0.04525,2.69463,2.54328,0.00205,0.00082279,0.00082279,0.00082279
181,237.801,2.30538,2.4574,0.00152,0.26512,0.23404,0.11007,0.04525,2.69463,2.54328,0.00205,0.0008218,0.0008218,0.0008218
182,239.164,2.24951,2.62101,0.0015,0.26512,0.23404,0.11007,0.04525,2.69463,2.54328,0.00205,0.00082081,0.00082081,0.00082081
183,240.583,2.85024,2.99683,0.00175,0.2459,0.23404,0.11226,0.04382,2.72296,2.55452,0.00208,0.00081982,0.00081982,0.00081982
184,241.77,2.33501,2.39775,0.00144,0.2459,0.23404,0.11226,0.04382,2.72296,2.55452,0.00208,0.00081883,0.00081883,0.00081883
185,242.961,2.2796,2.30193,0.00141,0.2459,0.23404,0.11226,0.04382,2.72296,2.55452,0.00208,0.00081784,0.00081784,0.00081784
186,244.166,2.22931,2.48134,0.00147,0.2459,0.23404,0.11226,0.04382,2.72296,2.55452,0.00208,0.00081685,0.00081685,0.00081685
187,245.336,2.76583,2.62888,0.00175,0.2459,0.23404,0.11226,0.04382,2.72296,2.55452,0.00208,0.00081586,0.00081586,0.00081586
188,246.633,2.75452,3.14625,0.00164,0.2459,0.23404,0.11226,0.04382,2.72296,2.55452,0.00208,0.00081487,0.00081487,0.00081487
189,248.1,2.25728,2.21966,0.00147,0.25092,0.24468,0.11137,0.04305,2.69837,2.54352,0.00206,0.00081388,0.00081388,0.00081388
190,249.458,2.70614,2.54856,0.00156,0.25092,0.24468,0.11137,0.04305,2.69837,2.54352,0.00206,0.00081289,0.00081289,0.00081289
191,250.812,2.95466,3.11321,0.00159,0.25092,0.24468,0.11137,0.04305,2.69837,2.54352,0.00206,0.0008119,0.0008119,0.0008119
192,252.094,2.82152,2.67535,0.00157,0.25092,0.24468,0.11137,0.04305,2.69837,2.54352,0.00206,0.00081091,0.00081091,0.00081091
193,253.404,2.80436,2.21638,0.00175,0.25092,0.24468,0.11137,0.04305,2.69837,2.54352,0.00206,0.00080992,0.00080992,0.00080992
194,254.945,2.41357,2.61088,0.00149,0.25092,0.24468,0.11137,0.04305,2.69837,2.54352,0.00206,0.00080893,0.00080893,0.00080893
195,256.33,2.55632,2.43137,0.00163,0.25735,0.24468,0.11335,0.04813,2.63055,2.49394,0.00199,0.00080794,0.00080794,0.00080794
196,257.693,2.22501,2.12357,0.0014,0.25735,0.24468,0.11335,0.04813,2.63055,2.49394,0.00199,0.00080695,0.00080695,0.00080695
197,259.021,2.57614,2.29618,0.0016,0.25735,0.24468,0.11335,0.04813,2.63055,2.49394,0.00199,0.00080596,0.00080596,0.00080596
198,260.27,2.81365,2.58059,0.00153,0.25735,0.24468,0.11335,0.04813,2.63055,2.49394,0.00199,0.00080497,0.00080497,0.00080497
199,261.644,2.37498,2.58406,0.0014,0.25735,0.24468,0.11335,0.04813,2.63055,2.49394,0.00199,0.00080398,0.00080398,0.00080398
200,263.012,2.76459,2.47965,0.00168,0.25735,0.24468,0.11335,0.04813,2.63055,2.49394,0.00199,0.00080299,0.00080299,0.00080299
201,264.347,2.34749,2.4961,0.00146,0.25735,0.24468,0.11335,0.04813,2.63055,2.49394,0.00199,0.000802,0.000802,0.000802
202,265.752,2.58224,2.67864,0.00154,0.25977,0.24468,0.11404,0.04839,2.6458,2.49459,0.00198,0.00080101,0.00080101,0.00080101
203,267.02,2.24797,2.21706,0.00125,0.25977,0.24468,0.11404,0.04839,2.6458,2.49459,0.00198,0.00080002,0.00080002,0.00080002
204,268.32,2.34679,2.50297,0.00143,0.25977,0.24468,0.11404,0.04839,2.6458,2.49459,0.00198,0.00079903,0.00079903,0.00079903
205,269.744,2.25316,2.61528,0.00144,0.25977,0.24468,0.11404,0.04839,2.6458,2.49459,0.00198,0.00079804,0.00079804,0.00079804
206,271.043,2.18793,2.5198,0.00125,0.25977,0.24468,0.11404,0.04839,2.6458,2.49459,0.00198,0.00079705,0.00079705,0.00079705
207,272.457,2.44269,2.24946,0.00146,0.25977,0.24468,0.11404,0.04839,2.6458,2.49459,0.00198,0.00079606,0.00079606,0.00079606
208,273.804,2.48139,2.73908,0.00138,0.24596,0.24468,0.12466,0.05533,2.60639,2.46241,0.00193,0.00079507,0.00079507,0.00079507
209,275.153,3.19711,2.96412,0.00175,0.24596,0.24468,0.12466,0.05533,2.60639,2.46241,0.00193,0.00079408,0.00079408,0.00079408
210,276.533,2.90154,2.57965,0.0017,0.24596,0.24468,0.12466,0.05533,2.60639,2.46241,0.00193,0.00079309,0.00079309,0.00079309
211,277.91,2.42432,2.18346,0.00134,0.24596,0.24468,0.12466,0.05533,2.60639,2.46241,0.00193,0.0007921,0.0007921,0.0007921
212,279.228,2.94088,2.91001,0.00161,0.24596,0.24468,0.12466,0.05533,2.60639,2.46241,0.00193,0.00079111,0.00079111,0.00079111
213,280.572,2.45716,2.42565,0.00152,0.24596,0.24468,0.12466,0.05533,2.60639,2.46241,0.00193,0.00079012,0.00079012,0.00079012
214,281.933,2.72367,2.6069,0.00161,0.24596,0.24468,0.12466,0.05533,2.60639,2.46241,0.00193,0.00078913,0.00078913,0.00078913
215,283.359,2.28092,2.30607,0.00151,0.25862,0.24468,0.11884,0.05131,2.56649,2.46452,0.00188,0.00078814,0.00078814,0.00078814
216,284.549,2.59605,2.66476,0.00155,0.25862,0.24468,0.11884,0.05131,2.56649,2.46452,0.00188,0.00078715,0.00078715,0.00078715
217,285.735,2.40935,2.4326,0.00134,0.25862,0.24468,0.11884,0.05131,2.56649,2.46452,0.00188,0.00078616,0.00078616,0.00078616
218,286.942,2.59715,2.80936,0.00142,0.25862,0.24468,0.11884,0.05131,2.56649,2.46452,0.00188,0.00078517,0.00078517,0.00078517
219,288.173,2.31364,2.42302,0.00145,0.25862,0.24468,0.11884,0.05131,2.56649,2.46452,0.00188,0.00078418,0.00078418,0.00078418
220,289.576,3.15263,3.01689,0.00175,0.25862,0.24468,0.11884,0.05131,2.56649,2.46452,0.00188,0.00078319,0.00078319,0.00078319
221,290.852,2.59486,2.80883,0.0016,0.28551,0.24468,0.12378,0.05547,2.5549,2.4308,0.00187,0.0007822,0.0007822,0.0007822
222,292.212,2.89191,2.4969,0.0015,0.28551,0.24468,0.12378,0.05547,2.5549,2.4308,0.00187,0.00078121,0.00078121,0.00078121
223,293.539,2.42946,2.45108,0.00142,0.28551,0.24468,0.12378,0.05547,2.5549,2.4308,0.00187,0.00078022,0.00078022,0.00078022
224,294.789,3.13192,3.12758,0.0018,0.28551,0.24468,0.12378,0.05547,2.5549,2.4308,0.00187,0.00077923,0.00077923,0.00077923
225,296.21,3.05668,2.75496,0.00165,0.28551,0.24468,0.12378,0.05547,2.5549,2.4308,0.00187,0.00077824,0.00077824,0.00077824
226,297.525,2.37721,2.50354,0.00128,0.28551,0.24468,0.12378,0.05547,2.5549,2.4308,0.00187,0.00077725,0.00077725,0.00077725
227,298.902,2.62344,2.32926,0.00162,0.2742,0.24921,0.128,0.05826,2.56271,2.4041,0.00185,0.00077626,0.00077626,0.00077626
228,300.24,2.66212,2.66815,0.00149,0.2742,0.24921,0.128,0.05826,2.56271,2.4041,0.00185,0.00077527,0.00077527,0.00077527
229,301.565,2.47514,2.39907,0.00146,0.2742,0.24921,0.128,0.05826,2.56271,2.4041,0.00185,0.00077428,0.00077428,0.00077428
230,303.019,3.06909,2.73224,0.0018,0.2742,0.24921,0.128,0.05826,2.56271,2.4041,0.00185,0.00077329,0.00077329,0.00077329
231,304.309,2.7883,2.88089,0.00168,0.2742,0.24921,0.128,0.05826,2.56271,2.4041,0.00185,0.0007723,0.0007723,0.0007723
232,305.617,2.15218,2.34095,0.00138,0.2742,0.24921,0.128,0.05826,2.56271,2.4041,0.00185,0.00077131,0.00077131,0.00077131
233,306.963,2.50363,2.43357,0.00142,0.2742,0.24921,0.128,0.05826,2.56271,2.4041,0.00185,0.00077032,0.00077032,0.00077032
234,308.322,2.76325,2.70174,0.00146,0.2773,0.23404,0.13203,0.06004,2.56885,2.38067,0.00184,0.00076933,0.00076933,0.00076933
235,309.769,2.79959,2.59131,0.00168,0.2773,0.23404,0.13203,0.06004,2.56885,2.38067,0.00184,0.00076834,0.00076834,0.00076834
236,311.013,3.00329,2.82505,0.00157,0.2773,0.23404,0.13203,0.06004,2.56885,2.38067,0.00184,0.00076735,0.00076735,0.00076735
237,312.234,2.26622,2.48713,0.00144,0.2773,0.23404,0.13203,0.06004,2.56885,2.38067,0.00184,0.00076636,0.00076636,0.00076636
238,313.403,3.12458,2.71953,0.00152,0.2773,0.23404,0.13203,0.06004,2.56885,2.38067,0.00184,0.00076537,0.00076537,0.00076537
239,314.63,2.90939,2.61109,0.00136,0.2773,0.23404,0.13203,0.06004,2.56885,2.38067,0.00184,0.00076438,0.00076438,0.00076438
240,315.803,2.36526,2.29559,0.00134,0.25634,0.24205,0.12906,0.05828,2.54135,2.38642,0.00183,0.00076339,0.00076339,0.00076339
241,317.067,2.75467,2.33638,0.00178,0.25634,0.24205,0.12906,0.05828,2.54135,2.38642,0.00183,0.0007624,0.0007624,0.0007624
242,318.201,2.67857,2.36732,0.00157,0.25634,0.24205,0.12906,0.05828,2.54135,2.38642,0.00183,0.00076141,0.00076141,0.00076141
243,319.379,2.19834,2.10743,0.00142,0.25634,0.24205,0.12906,0.05828,2.54135,2.38642,0.00183,0.00076042,0.00076042,0.00076042
244,320.548,2.58073,2.20223,0.00155,0.25634,0.24205,0.12906,0.05828,2.54135,2.38642,0.00183,0.00075943,0.00075943,0.00075943
245,321.685,2.19673,1.94957,0.00127,0.25634,0.24205,0.12906,0.05828,2.54135,2.38642,0.00183,0.00075844,0.00075844,0.00075844
246,322.947,2.85814,2.51777,0.00155,0.25634,0.24205,0.12906,0.05828,2.54135,2.38642,0.00183,0.00075745,0.00075745,0.00075745
247,324.215,2.66515,2.31906,0.00148,0.29231,0.24468,0.14542,0.06543,2.50598,2.33433,0.00182,0.00075646,0.00075646,0.00075646
248,325.437,2.03959,2.39392,0.00126,0.29231,0.24468,0.14542,0.06543,2.50598,2.33433,0.00182,0.00075547,0.00075547,0.00075547
249,326.673,2.45707,2.10155,0.00138,0.29231,0.24468,0.14542,0.06543,2.50598,2.33433,0.00182,0.00075448,0.00075448,0.00075448
250,327.91,2.52736,2.32669,0.00144,0.29231,0.24468,0.14542,0.06543,2.50598,2.33433,0.00182,0.00075349,0.00075349,0.00075349
251,329.266,2.42356,2.32589,0.00157,0.29231,0.24468,0.14542,0.06543,2.50598,2.33433,0.00182,0.0007525,0.0007525,0.0007525
252,330.515,3.36982,3.31458,0.00168,0.29231,0.24468,0.14542,0.06543,2.50598,2.33433,0.00182,0.00075151,0.00075151,0.00075151
253,331.745,2.55885,2.83893,0.00137,0.28566,0.24468,0.15342,0.06997,2.5062,2.31559,0.00181,0.00075052,0.00075052,0.00075052
254,332.916,2.45224,2.30904,0.00138,0.28566,0.24468,0.15342,0.06997,2.5062,2.31559,0.00181,0.00074953,0.00074953,0.00074953
255,334.09,2.37239,2.4672,0.00158,0.28566,0.24468,0.15342,0.06997,2.5062,2.31559,0.00181,0.00074854,0.00074854,0.00074854
256,335.436,2.46903,2.53849,0.00148,0.28566,0.24468,0.15342,0.06997,2.5062,2.31559,0.00181,0.00074755,0.00074755,0.00074755
257,336.619,2.12947,1.95393,0.00126,0.28566,0.24468,0.15342,0.06997,2.5062,2.31559,0.00181,0.00074656,0.00074656,0.00074656
258,337.786,2.63701,2.5226,0.00149,0.28566,0.24468,0.15342,0.06997,2.5062,2.31559,0.00181,0.00074557,0.00074557,0.00074557
259,339.002,2.3706,2.48002,0.00136,0.28075,0.23404,0.15002,0.06754,2.53269,2.30996,0.00186,0.00074458,0.00074458,0.00074458
260,340.14,2.84953,2.71439,0.00154,0.28075,0.23404,0.15002,0.06754,2.53269,2.30996,0.00186,0.00074359,0.00074359,0.00074359
261,341.458,2.62001,2.48822,0.00154,0.28075,0.23404,0.15002,0.06754,2.53269,2.30996,0.00186,0.0007426,0.0007426,0.0007426
262,342.56,2.53378,2.49673,0.00154,0.28075,0.23404,0.15002,0.06754,2.53269,2.30996,0.00186,0.00074161,0.00074161,0.00074161
263,343.721,2.65521,2.50947,0.00144,0.28075,0.23404,0.15002,0.06754,2.53269,2.30996,0.00186,0.00074062,0.00074062,0.00074062
264,344.812,2.74139,2.60921,0.00166,0.28075,0.23404,0.15002,0.06754,2.53269,2.30996,0.00186,0.00073963,0.00073963,0.00073963
265,345.963,2.06479,2.18951,0.00125,0.28075,0.23404,0.15002,0.06754,2.53269,2.30996,0.00186,0.00073864,0.00073864,0.00073864
266,347.143,2.6378,2.53293,0.00148,0.22966,0.23404,0.1436,0.06492,2.55721,2.33325,0.00188,0.00073765,0.00073765,0.00073765
267,348.423,2.60202,2.19194,0.00142,0.22966,0.23404,0.1436,0.06492,2.55721,2.33325,0.00188,0.00073666,0.00073666,0.00073666
268,349.556,2.85531,2.94872,0.00166,0.22966,0.23404,0.1436,0.06492,2.55721,2.33325,0.00188,0.00073567,0.00073567,0.00073567
269,350.662,2.32698,2.54672,0.00131,0.22966,0.23404,0.1436,0.06492,2.55721,2.33325,0.00188,0.00073468,0.00073468,0.00073468
270,351.791,2.225,2.24337,0.00136,0.22966,0.23404,0.1436,0.06492,2.55721,2.33325,0.00188,0.00073369,0.00073369,0.00073369
271,352.916,2.41027,2.0667,0.00156,0.22966,0.23404,0.1436,0.06492,2.55721,2.33325,0.00188,0.0007327,0.0007327,0.0007327
272,354.256,2.8336,2.36239,0.00142,0.22563,0.2234,0.1462,0.06636,2.56801,2.32793,0.00187,0.00073171,0.00073171,0.00073171
273,355.366,2.75646,2.428,0.00152,0.22563,0.2234,0.1462,0.06636,2.56801,2.32793,0.00187,0.00073072,0.00073072,0.00073072
274,356.508,2.58698,2.14903,0.00148,0.22563,0.2234,0.1462,0.06636,2.56801,2.32793,0.00187,0.00072973,0.00072973,0.00072973
275,357.668,2.55914,2.2032,0.00145,0.22563,0.2234,0.1462,0.06636,2.56801,2.32793,0.00187,0.00072874,0.00072874,0.00072874
276,358.806,2.67877,2.39317,0.00155,0.22563,0.2234,0.1462,0.06636,2.56801,2.32793,0.00187,0.00072775,0.00072775,0.00072775
277,360.107,2.78974,2.77173,0.00168,0.22563,0.2234,0.1462,0.06636,2.56801,2.32793,0.00187,0.00072676,0.00072676,0.00072676
278,361.22,2.37801,2.10942,0.00143,0.22563,0.2234,0.1462,0.06636,2.56801,2.32793,0.00187,0.00072577,0.00072577,0.00072577
279,362.398,2.40561,2.37541,0.00128,0.23029,0.2234,0.14848,0.0666,2.57578,2.35215,0.00187,0.00072478,0.00072478,0.00072478
280,363.542,2.57937,2.22873,0.00148,0.23029,0.2234,0.14848,0.0666,2.57578,2.35215,0.00187,0.00072379,0.00072379,0.00072379
281,364.699,2.30927,2.30083,0.00162,0.23029,0.2234,0.14848,0.0666,2.57578,2.35215,0.00187,0.0007228,0.0007228,0.0007228
282,366.004,2.57167,2.68363,0.0013,0.23029,0.2234,0.14848,0.0666,2.57578,2.35215,0.00187,0.00072181,0.00072181,0.00072181
283,367.145,2.14086,2.08505,0.0013,0.23029,0.2234,0.14848,0.0666,2.57578,2.35215,0.00187,0.00072082,0.00072082,0.00072082
284,368.252,2.66251,2.29629,0.00155,0.23029,0.2234,0.14848,0.0666,2.57578,2.35215,0.00187,0.00071983,0.00071983,0.00071983
285,369.425,3.00007,3.03169,0.00164,0.25741,0.2234,0.15422,0.0719,2.53462,2.32748,0.00186,0.00071884,0.00071884,0.00071884
286,370.563,2.47332,2.13822,0.00154,0.25741,0.2234,0.15422,0.0719,2.53462,2.32748,0.00186,0.00071785,0.00071785,0.00071785
287,371.834,2.82596,2.56278,0.00158,0.25741,0.2234,0.15422,0.0719,2.53462,2.32748,0.00186,0.00071686,0.00071686,0.00071686
288,372.944,2.3532,2.17378,0.00138,0.25741,0.2234,0.15422,0.0719,2.53462,2.32748,0.00186,0.00071587,0.00071587,0.00071587
289,374.046,2.6742,2.30057,0.00161,0.25741,0.2234,0.15422,0.0719,2.53462,2.32748,0.00186,0.00071488,0.00071488,0.00071488
290,375.124,2.45089,2.26558,0.00149,0.25741,0.2234,0.15422,0.0719,2.53462,2.32748,0.00186,0.00071389,0.00071389,0.00071389
291,376.327,2.83744,2.63502,0.00177,0.26928,0.2234,0.15967,0.07528,2.53135,2.34149,0.00185,0.0007129,0.0007129,0.0007129
292,377.525,2.41242,2.21807,0.0014,0.26928,0.2234,0.15967,0.07528,2.53135,2.34149,0.00185,0.00071191,0.00071191,0.00071191
293,378.813,2.20591,2.07796,0.00145,0.26928,0.2234,0.15967,0.07528,2.53135,2.34149,0.00185,0.00071092,0.00071092,0.00071092
294,379.971,2.40379,2.3851,0.00147,0.26928,0.2234,0.15967,0.07528,2.53135,2.34149,0.00185,0.00070993,0.00070993,0.00070993
295,381.063,1.90122,1.80263,0.00126,0.26928,0.2234,0.15967,0.07528,2.53135,2.34149,0.00185,0.00070894,0.00070894,0.00070894
296,382.209,3.1035,3.11063,0.00192,0.26928,0.2234,0.15967,0.07528,2.53135,2.34149,0.00185,0.00070795,0.00070795,0.00070795
297,383.322,2.58549,2.59659,0.0014,0.26928,0.2234,0.15967,0.07528,2.53135,2.34149,0.00185,0.00070696,0.00070696,0.00070696
298,384.607,3.20129,2.83198,0.00178,0.28816,0.2234,0.16736,0.07891,2.50194,2.35171,0.00184,0.00070597,0.00070597,0.00070597
299,385.637,2.6495,2.13982,0.0018,0.28816,0.2234,0.16736,0.07891,2.50194,2.35171,0.00184,0.00070498,0.00070498,0.00070498
300,386.744,2.35255,2.02105,0.00131,0.28816,0.2234,0.16736,0.07891,2.50194,2.35171,0.00184,0.00070399,0.00070399,0.00070399
301,387.916,2.84728,2.41864,0.0016,0.28816,0.2234,0.16736,0.07891,2.50194,2.35171,0.00184,0.000703,0.000703,0.000703
302,389.102,2.62216,2.41347,0.00163,0.28816,0.2234,0.16736,0.07891,2.50194,2.35171,0.00184,0.00070201,0.00070201,0.00070201
303,390.44,2.57358,2.1792,0.00166,0.28816,0.2234,0.16736,0.07891,2.50194,2.35171,0.00184,0.00070102,0.00070102,0.00070102
304,391.587,2.69214,2.22897,0.00168,0.30073,0.2234,0.16766,0.0775,2.49087,2.35812,0.00183,0.00070003,0.00070003,0.00070003
305,392.741,2.43713,2.32754,0.0014,0.30073,0.2234,0.16766,0.0775,2.49087,2.35812,0.00183,0.00069904,0.00069904,0.00069904
306,393.854,2.76416,2.58125,0.00154,0.30073,0.2234,0.16766,0.0775,2.49087,2.35812,0.00183,0.00069805,0.00069805,0.00069805
307,394.99,2.42132,2.51409,0.00135,0.30073,0.2234,0.16766,0.0775,2.49087,2.35812,0.00183,0.00069706,0.00069706,0.00069706
308,396.233,2.41651,2.35906,0.00146,0.30073,0.2234,0.16766,0.0775,2.49087,2.35812,0.00183,0.00069607,0.00069607,0.00069607
309,397.382,2.19133,2.00267,0.00133,0.30073,0.2234,0.16766,0.0775,2.49087,2.35812,0.00183,0.00069508,0.00069508,0.00069508
310,398.483,2.42069,2.32997,0.00135,0.30073,0.2234,0.16766,0.0775,2.49087,2.35812,0.00183,0.00069409,0.00069409,0.00069409
311,399.65,2.44284,2.03879,0.00151,0.3425,0.23404,0.18687,0.08739,2.50607,2.32078,0.00181,0.0006931,0.0006931,0.0006931
312,400.813,2.18714,1.88448,0.0012,0.3425,0.23404,0.18687,0.08739,2.50607,2.32078,0.00181,0.00069211,0.00069211,0.00069211
313,402.173,2.40431,2.28685,0.00147,0.3425,0.23404,0.18687,0.08739,2.50607,2.32078,0.00181,0.00069112,0.00069112,0.00069112
314,403.393,2.70461,2.41352,0.00152,0.3425,0.23404,0.18687,0.08739,2.50607,2.32078,0.00181,0.00069013,0.00069013,0.00069013
315,404.606,2.24317,2.14337,0.00131,0.3425,0.23404,0.18687,0.08739,2.50607,2.32078,0.00181,0.00068914,0.00068914,0.00068914
316,405.786,2.95773,2.57447,0.0015,0.3425,0.23404,0.18687,0.08739,2.50607,2.32078,0.00181,0.00068815,0.00068815,0.00068815
317,407.019,2.54517,1.85849,0.0016,0.33126,0.23404,0.19988,0.09023,2.48136,2.32991,0.00179,0.00068716,0.00068716,0.00068716
318,408.212,2.17059,2.15375,0.00135,0.33126,0.23404,0.19988,0.09023,2.48136,2.32991,0.00179,0.00068617,0.00068617,0.00068617
319,409.606,3.09703,2.90979,0.00151,0.33126,0.23404,0.19988,0.09023,2.48136,2.32991,0.00179,0.00068518,0.00068518,0.00068518
320,410.817,2.63417,2.35158,0.00131,0.33126,0.23404,0.19988,0.09023,2.48136,2.32991,0.00179,0.00068419,0.00068419,0.00068419
321,411.97,2.08808,1.96986,0.00135,0.33126,0.23404,0.19988,0.09023,2.48136,2.32991,0.00179,0.0006832,0.0006832,0.0006832
322,413.166,3.01055,3.1592,0.00119,0.33126,0.23404,0.19988,0.09023,2.48136,2.32991,0.00179,0.00068221,0.00068221,0.00068221
323,414.371,2.75584,2.29072,0.00151,0.36201,0.25532,0.20392,0.09307,2.5052,2.29713,0.00179,0.00068122,0.00068122,0.00068122
324,415.754,2.50904,2.47071,0.00159,0.36201,0.25532,0.20392,0.09307,2.5052,2.29713,0.00179,0.00068023,0.00068023,0.00068023
325,416.948,2.67936,2.28806,0.00168,0.36201,0.25532,0.20392,0.09307,2.5052,2.29713,0.00179,0.00067924,0.00067924,0.00067924
326,418.131,2.90491,2.4205,0.00164,0.36201,0.25532,0.20392,0.09307,2.5052,2.29713,0.00179,0.00067825,0.00067825,0.00067825
327,419.316,2.37209,1.90559,0.00142,0.36201,0.25532,0.20392,0.09307,2.5052,2.29713,0.00179,0.00067726,0.00067726,0.00067726
328,420.509,2.62876,2.3646,0.00137,0.36201,0.25532,0.20392,0.09307,2.5052,2.29713,0.00179,0.00067627,0.00067627,0.00067627
329,421.863,2.61154,2.37234,0.00145,0.36201,0.25532,0.20392,0.09307,2.5052,2.29713,0.00179,0.00067528,0.00067528,0.00067528
330,423.097,2.72836,2.33571,0.00146,0.36093,0.25532,0.2037,0.09261,2.50304,2.27448,0.00179,0.00067429,0.00067429,0.00067429
331,424.249,2.36544,2.10563,0.0015,0.36093,0.25532,0.2037,0.09261,2.50304,2.27448,0.00179,0.0006733,0.0006733,0.0006733
332,425.401,2.68784,2.39295,0.00152,0.36093,0.25532,0.2037,0.09261,2.50304,2.27448,0.00179,0.00067231,0.00067231,0.00067231
333,426.543,2.95605,2.65461,0.00153,0.36093,0.25532,0.2037,0.09261,2.50304,2.27448,0.00179,0.00067132,0.00067132,0.00067132
334,427.846,2.73188,2.3948,0.00158,0.36093,0.25532,0.2037,0.09261,2.50304,2.27448,0.00179,0.00067033,0.00067033,0.00067033
335,428.996,2.88335,2.53237,0.00152,0.36093,0.25532,0.2037,0.09261,2.50304,2.27448,0.00179,0.00066934,0.00066934,0.00066934
336,430.188,2.2173,2.16978,0.0013,0.36873,0.25478,0.207,0.09099,2.49646,2.27299,0.00179,0.00066835,0.00066835,0.00066835
337,431.318,3.13901,2.74017,0.00149,0.36873,0.25478,0.207,0.09099,2.49646,2.27299,0.00179,0.00066736,0.00066736,0.00066736
338,432.445,2.37624,2.00176,0.00141,0.36873,0.25478,0.207,0.09099,2.49646,2.27299,0.00179,0.00066637,0.00066637,0.00066637
339,433.576,2.21619,2.06342,0.00115,0.36873,0.25478,0.207,0.09099,2.49646,2.27299,0.00179,0.00066538,0.00066538,0.00066538
340,434.841,2.55192,2.44637,0.00141,0.36873,0.25478,0.207,0.09099,2.49646,2.27299,0.00179,0.00066439,0.00066439,0.00066439
341,435.948,2.88417,2.09976,0.00153,0.36873,0.25478,0.207,0.09099,2.49646,2.27299,0.00179,0.0006634,0.0006634,0.0006634
342,437.067,2.84769,2.63872,0.00156,0.36873,0.25478,0.207,0.09099,2.49646,2.27299,0.00179,0.00066241,0.00066241,0.00066241
343,438.195,2.59951,2.53332,0.00139,0.34332,0.26596,0.21073,0.09118,2.49795,2.25081,0.00177,0.00066142,0.00066142,0.00066142
344,439.442,2.30719,1.86847,0.00149,0.34332,0.26596,0.21073,0.09118,2.49795,2.25081,0.00177,0.00066043,0.00066043,0.00066043
345,440.79,2.45338,2.26951,0.00135,0.34332,0.26596,0.21073,0.09118,2.49795,2.25081,0.00177,0.00065944,0.00065944,0.00065944
346,441.997,2.87004,2.46974,0.00151,0.34332,0.26596,0.21073,0.09118,2.49795,2.25081,0.00177,0.00065845,0.00065845,0.00065845
347,443.165,2.71082,2.69604,0.0013,0.34332,0.26596,0.21073,0.09118,2.49795,2.25081,0.00177,0.00065746,0.00065746,0.00065746
348,444.398,2.48018,2.26719,0.00122,0.34332,0.26596,0.21073,0.09118,2.49795,2.25081,0.00177,0.00065647,0.00065647,0.00065647
349,445.615,2.46516,2.03572,0.00146,0.35305,0.26596,0.21424,0.094,2.50073,2.2514,0.00177,0.00065548,0.00065548,0.00065548
350,446.957,2.47797,2.22955,0.00134,0.35305,0.26596,0.21424,0.094,2.50073,2.2514,0.00177,0.00065449,0.00065449,0.00065449
351,448.129,2.57944,2.27792,0.00138,0.35305,0.26596,0.21424,0.094,2.50073,2.2514,0.00177,0.0006535,0.0006535,0.0006535
352,449.304,2.59333,2.12967,0.00151,0.35305,0.26596,0.21424,0.094,2.50073,2.2514,0.00177,0.00065251,0.00065251,0.00065251
353,450.469,2.70439,2.23173,0.00154,0.35305,0.26596,0.21424,0.094,2.50073,2.2514,0.00177,0.00065152,0.00065152,0.00065152
354,451.654,2.35188,2.1205,0.00135,0.35305,0.26596,0.21424,0.094,2.50073,2.2514,0.00177,0.00065053,0.00065053,0.00065053
355,453.059,2.58664,2.26253,0.00124,0.37175,0.2766,0.21658,0.09617,2.49425,2.23162,0.00177,0.00064954,0.00064954,0.00064954
356,454.259,2.84412,2.48946,0.00163,0.37175,0.2766,0.21658,0.09617,2.49425,2.23162,0.00177,0.00064855,0.00064855,0.00064855
357,455.445,2.36261,2.01294,0.00157,0.37175,0.2766,0.21658,0.09617,2.49425,2.23162,0.00177,0.00064756,0.00064756,0.00064756
358,456.643,3.0713,2.67714,0.00143,0.37175,0.2766,0.21658,0.09617,2.49425,2.23162,0.00177,0.00064657,0.00064657,0.00064657
359,457.808,2.4303,1.9243,0.00159,0.37175,0.2766,0.21658,0.09617,2.49425,2.23162,0.00177,0.00064558,0.00064558,0.00064558
360,458.993,2.26959,2.46475,0.00138,0.37175,0.2766,0.21658,0.09617,2.49425,2.23162,0.00177,0.00064459,0.00064459,0.00064459
361,460.357,2.8185,2.42651,0.00149,0.37175,0.2766,0.21658,0.09617,2.49425,2.23162,0.00177,0.0006436,0.0006436,0.0006436
362,461.587,2.6785,2.32034,0.00141,0.37303,0.2766,0.21872,0.09642,2.47196,2.23162,0.00176,0.00064261,0.00064261,0.00064261
363,462.801,2.69021,2.16687,0.00167,0.37303,0.2766,0.21872,0.09642,2.47196,2.23162,0.00176,0.00064162,0.00064162,0.00064162
364,463.967,2.0332,1.97746,0.00111,0.37303,0.2766,0.21872,0.09642,2.47196,2.23162,0.00176,0.00064063,0.00064063,0.00064063
365,465.154,2.22224,2.04173,0.00137,0.37303,0.2766,0.21872,0.09642,2.47196,2.23162,0.00176,0.00063964,0.00063964,0.00063964
366,466.482,2.58068,2.36612,0.00128,0.37303,0.2766,0.21872,0.09642,2.47196,2.23162,0.00176,0.00063865,0.00063865,0.00063865
367,467.665,3.14755,2.51399,0.00166,0.37303,0.2766,0.21872,0.09642,2.47196,2.23162,0.00176,0.00063766,0.00063766,0.00063766
368,468.875,2.37101,2.23097,0.00126,0.37132,0.2766,0.22633,0.10391,2.43794,2.21425,0.00174,0.00063667,0.00063667,0.00063667
369,470.126,2.79084,2.53022,0.00155,0.37132,0.2766,0.22633,0.10391,2.43794,2.21425,0.00174,0.00063568,0.00063568,0.00063568
370,471.328,2.92257,2.46563,0.00138,0.37132,0.2766,0.22633,0.10391,2.43794,2.21425,0.00174,0.00063469,0.00063469,0.00063469
371,472.645,2.90344,2.46238,0.00165,0.37132,0.2766,0.22633,0.10391,2.43794,2.21425,0.00174,0.0006337,0.0006337,0.0006337
372,473.807,2.09787,1.75367,0.00122,0.37132,0.2766,0.22633,0.10391,2.43794,2.21425,0.00174,0.00063271,0.00063271,0.00063271
373,475.003,2.40925,2.65002,0.00123,0.37132,0.2766,0.22633,0.10391,2.43794,2.21425,0.00174,0.00063172,0.00063172,0.00063172
374,476.163,3.11641,2.9682,0.00171,0.37132,0.2766,0.22633,0.10391,2.43794,2.21425,0.00174,0.00063073,0.00063073,0.00063073
375,477.38,2.32681,2.12413,0.00133,0.35718,0.2766,0.21406,0.09717,2.4732,2.21244,0.00177,0.00062974,0.00062974,0.00062974
376,478.665,2.355,1.80653,0.00144,0.35718,0.2766,0.21406,0.09717,2.4732,2.21244,0.00177,0.00062875,0.00062875,0.00062875
377,479.804,2.29619,2.15294,0.0013,0.35718,0.2766,0.21406,0.09717,2.4732,2.21244,0.00177,0.00062776,0.00062776,0.00062776
378,480.934,2.72133,2.1254,0.00146,0.35718,0.2766,0.21406,0.09717,2.4732,2.21244,0.00177,0.00062677,0.00062677,0.00062677
379,482.083,2.48427,1.99915,0.00134,0.35718,0.2766,0.21406,0.09717,2.4732,2.21244,0.00177,0.00062578,0.00062578,0.00062578
380,483.209,2.53703,2.38641,0.00139,0.35718,0.2766,0.21406,0.09717,2.4732,2.21244,0.00177,0.00062479,0.00062479,0.00062479
381,484.54,2.45369,2.27794,0.00143,0.36398,0.27399,0.22635,0.10119,2.48757,2.17313,0.0018,0.0006238,0.0006238,0.0006238
382,485.698,2.09937,2.11386,0.00138,0.36398,0.27399,0.22635,0.10119,2.48757,2.17313,0.0018,0.00062281,0.00062281,0.00062281
383,486.846,2.52899,1.97876,0.0015,0.36398,0.27399,0.22635,0.10119,2.48757,2.17313,0.0018,0.00062182,0.00062182,0.00062182
384,487.976,2.55243,2.1638,0.00144,0.36398,0.27399,0.22635,0.10119,2.48757,2.17313,0.0018,0.00062083,0.00062083,0.00062083
385,489.105,2.54764,2.06907,0.00162,0.36398,0.27399,0.22635,0.10119,2.48757,2.17313,0.0018,0.00061984,0.00061984,0.00061984
386,490.365,1.89692,2.04383,0.00125,0.36398,0.27399,0.22635,0.10119,2.48757,2.17313,0.0018,0.00061885,0.00061885,0.00061885
387,491.562,2.43826,1.93733,0.00141,0.37056,0.25532,0.21652,0.10824,2.45548,2.15081,0.00179,0.00061786,0.00061786,0.00061786
388,492.749,2.4237,1.98461,0.00164,0.37056,0.25532,0.21652,0.10824,2.45548,2.15081,0.00179,0.00061687,0.00061687,0.00061687
389,493.86,2.66329,2.04594,0.00149,0.37056,0.25532,0.21652,0.10824,2.45548,2.15081,0.00179,0.00061588,0.00061588,0.00061588
390,495.001,2.5326,2.26906,0.00131,0.37056,0.25532,0.21652,0.10824,2.45548,2.15081,0.00179,0.00061489,0.00061489,0.00061489
391,496.105,2.61506,2.40651,0.0015,0.37056,0.25532,0.21652,0.10824,2.45548,2.15081,0.00179,0.0006139,0.0006139,0.0006139
392,497.382,2.54129,2.28917,0.00143,0.37056,0.25532,0.21652,0.10824,2.45548,2.15081,0.00179,0.00061291,0.00061291,0.00061291
393,498.506,2.76975,2.39537,0.0015,0.37056,0.25532,0.21652,0.10824,2.45548,2.15081,0.00179,0.00061192,0.00061192,0.00061192
394,499.691,2.056,1.79657,0.00121,0.37523,0.25532,0.21976,0.10697,2.47035,2.1448,0.00181,0.00061093,0.00061093,0.00061093
395,500.835,2.11537,1.7374,0.00123,0.37523,0.25532,0.21976,0.10697,2.47035,2.1448,0.00181,0.00060994,0.00060994,0.00060994
396,501.976,2.23817,2.05841,0.00141,0.37523,0.25532,0.21976,0.10697,2.47035,2.1448,0.00181,0.00060895,0.00060895,0.00060895
397,503.251,2.80757,2.43302,0.00166,0.37523,0.25532,0.21976,0.10697,2.47035,2.1448,0.00181,0.00060796,0.00060796,0.00060796
398,504.418,2.84713,2.42063,0.0016,0.37523,0.25532,0.21976,0.10697,2.47035,2.1448,0.00181,0.00060697,0.00060697,0.00060697
399,505.515,2.31153,2.13666,0.00122,0.37523,0.25532,0.21976,0.10697,2.47035,2.1448,0.00181,0.00060598,0.00060598,0.00060598
400,506.695,2.48804,2.13713,0.00152,0.37021,0.25532,0.22059,0.10809,2.47333,2.11724,0.00182,0.00060499,0.00060499,0.00060499
401,507.842,2.94096,2.52325,0.00166,0.37021,0.25532,0.22059,0.10809,2.47333,2.11724,0.00182,0.000604,0.000604,0.000604
402,509.127,2.71574,2.23815,0.00156,0.37021,0.25532,0.22059,0.10809,2.47333,2.11724,0.00182,0.00060301,0.00060301,0.00060301
403,510.261,2.47922,2.20976,0.00155,0.37021,0.25532,0.22059,0.10809,2.47333,2.11724,0.00182,0.00060202,0.00060202,0.00060202
404,511.361,2.69073,2.47391,0.00138,0.37021,0.25532,0.22059,0.10809,2.47333,2.11724,0.00182,0.00060103,0.00060103,0.00060103
405,512.474,3.06858,2.60751,0.00159,0.37021,0.25532,0.22059,0.10809,2.47333,2.11724,0.00182,0.00060004,0.00060004,0.00060004
406,513.594,2.25265,2.02535,0.00148,0.37021,0.25532,0.22059,0.10809,2.47333,2.11724,0.00182,0.00059905,0.00059905,0.00059905
407,514.936,2.45574,2.40766,0.00134,0.36431,0.25532,0.22082,0.10858,2.48663,2.10367,0.00182,0.00059806,0.00059806,0.00059806
408,516.044,2.1792,2.10655,0.0013,0.36431,0.25532,0.22082,0.10858,2.48663,2.10367,0.00182,0.00059707,0.00059707,0.00059707
409,517.158,2.35737,2.11167,0.0015,0.36431,0.25532,0.22082,0.10858,2.48663,2.10367,0.00182,0.00059608,0.00059608,0.00059608
410,518.283,2.3593,1.81474,0.00141,0.36431,0.25532,0.22082,0.10858,2.48663,2.10367,0.00182,0.00059509,0.00059509,0.00059509
411,519.404,2.37213,2.09696,0.00156,0.36431,0.25532,0.22082,0.10858,2.48663,2.10367,0.00182,0.0005941,0.0005941,0.0005941
412,520.717,2.00229,1.80933,0.00126,0.36431,0.25532,0.22082,0.10858,2.48663,2.10367,0.00182,0.00059311,0.00059311,0.00059311
413,521.857,2.25233,2.08475,0.00132,0.38272,0.26596,0.21843,0.10792,2.49699,2.10919,0.00184,0.00059212,0.00059212,0.00059212
414,522.981,2.09644,1.87164,0.00122,0.38272,0.26596,0.21843,0.10792,2.49699,2.10919,0.00184,0.00059113,0.00059113,0.00059113
415,524.088,2.59498,2.11226,0.0014,0.38272,0.26596,0.21843,0.10792,2.49699,2.10919,0.00184,0.00059014,0.00059014,0.00059014
416,525.243,2.69482,2.48231,0.00149,0.38272,0.26596,0.21843,0.10792,2.49699,2.10919,0.00184,0.00058915,0.00058915,0.00058915
417,526.55,2.0313,1.76559,0.00136,0.38272,0.26596,0.21843,0.10792,2.49699,2.10919,0.00184,0.00058816,0.00058816,0.00058816
418,527.694,2.33027,2.15637,0.00138,0.38272,0.26596,0.21843,0.10792,2.49699,2.10919,0.00184,0.00058717,0.00058717,0.00058717
419,528.844,2.64592,2.26899,0.00147,0.37588,0.26596,0.21752,0.10641,2.49035,2.11238,0.00186,0.00058618,0.00058618,0.00058618
420,530.002,2.47774,1.87631,0.00145,0.37588,0.26596,0.21752,0.10641,2.49035,2.11238,0.00186,0.00058519,0.00058519,0.00058519
421,531.121,2.05692,2.05641,0.0013,0.37588,0.26596,0.21752,0.10641,2.49035,2.11238,0.00186,0.0005842,0.0005842,0.0005842
422,532.38,2.57059,1.9353,0.00168,0.37588,0.26596,0.21752,0.10641,2.49035,2.11238,0.00186,0.00058321,0.00058321,0.00058321
423,533.556,3.17074,2.57333,0.00163,0.37588,0.26596,0.21752,0.10641,2.49035,2.11238,0.00186,0.00058222,0.00058222,0.00058222
424,534.662,2.22264,1.93356,0.00134,0.37588,0.26596,0.21752,0.10641,2.49035,2.11238,0.00186,0.00058123,0.00058123,0.00058123
425,535.811,2.20301,1.83555,0.00136,0.37588,0.26596,0.21752,0.10641,2.49035,2.11238,0.00186,0.00058024,0.00058024,0.00058024
426,536.968,2.70166,2.32735,0.00166,0.38129,0.26596,0.2281,0.11114,2.48037,2.09699,0.00184,0.00057925,0.00057925,0.00057925
427,538.11,2.17831,1.86482,0.00126,0.38129,0.26596,0.2281,0.11114,2.48037,2.09699,0.00184,0.00057826,0.00057826,0.00057826
428,539.396,1.92566,1.87652,0.00124,0.38129,0.26596,0.2281,0.11114,2.48037,2.09699,0.00184,0.00057727,0.00057727,0.00057727
429,540.499,2.583,2.25665,0.00166,0.38129,0.26596,0.2281,0.11114,2.48037,2.09699,0.00184,0.00057628,0.00057628,0.00057628
430,541.652,2.89991,2.08102,0.00154,0.38129,0.26596,0.2281,0.11114,2.48037,2.09699,0.00184,0.00057529,0.00057529,0.00057529
431,542.776,2.31192,1.89279,0.00146,0.38129,0.26596,0.2281,0.11114,2.48037,2.09699,0.00184,0.0005743,0.0005743,0.0005743
432,543.952,2.5465,2.19115,0.00145,0.39882,0.2766,0.23192,0.10888,2.52103,2.08377,0.00186,0.00057331,0.00057331,0.00057331
433,545.284,2.29228,2.01419,0.00121,0.39882,0.2766,0.23192,0.10888,2.52103,2.08377,0.00186,0.00057232,0.00057232,0.00057232
434,546.465,2.35421,2.04255,0.00133,0.39882,0.2766,0.23192,0.10888,2.52103,2.08377,0.00186,0.00057133,0.00057133,0.00057133
435,547.671,2.64722,2.17978,0.00151,0.39882,0.2766,0.23192,0.10888,2.52103,2.08377,0.00186,0.00057034,0.00057034,0.00057034
436,548.848,2.48773,2.0085,0.00139,0.39882,0.2766,0.23192,0.10888,2.52103,2.08377,0.00186,0.00056935,0.00056935,0.00056935
437,550.009,2.95902,2.24332,0.00166,0.39882,0.2766,0.23192,0.10888,2.52103,2.08377,0.00186,0.00056836,0.00056836,0.00056836
438,551.35,2.08926,1.83038,0.00129,0.39882,0.2766,0.23192,0.10888,2.52103,2.08377,0.00186,0.00056737,0.00056737,0.00056737
439,552.573,2.56903,2.20539,0.00147,0.40673,0.26596,0.23718,0.11406,2.49761,2.07049,0.00184,0.00056638,0.00056638,0.00056638
440,553.671,2.22038,1.94682,0.00141,0.40673,0.26596,0.23718,0.11406,2.49761,2.07049,0.00184,0.00056539,0.00056539,0.00056539
441,554.775,2.45394,2.43006,0.00144,0.40673,0.26596,0.23718,0.11406,2.49761,2.07049,0.00184,0.0005644,0.0005644,0.0005644
442,555.917,2.29428,1.88098,0.00142,0.40673,0.26596,0.23718,0.11406,2.49761,2.07049,0.00184,0.00056341,0.00056341,0.00056341
443,557.172,3.0682,2.70398,0.00171,0.40673,0.26596,0.23718,0.11406,2.49761,2.07049,0.00184,0.00056242,0.00056242,0.00056242
444,558.323,2.69123,2.11796,0.00169,0.40673,0.26596,0.23718,0.11406,2.49761,2.07049,0.00184,0.00056143,0.00056143,0.00056143
445,559.5,2.26182,1.82682,0.00129,0.41731,0.2766,0.24714,0.1158,2.5223,2.09262,0.00184,0.00056044,0.00056044,0.00056044
446,560.703,2.31755,1.87442,0.00151,0.41731,0.2766,0.24714,0.1158,2.5223,2.09262,0.00184,0.00055945,0.00055945,0.00055945
447,561.88,1.96206,1.67952,0.00135,0.41731,0.2766,0.24714,0.1158,2.5223,2.09262,0.00184,0.00055846,0.00055846,0.00055846
448,563.2,2.51401,2.11957,0.00131,0.41731,0.2766,0.24714,0.1158,2.5223,2.09262,0.00184,0.00055747,0.00055747,0.00055747
449,564.396,2.72906,2.34588,0.00149,0.41731,0.2766,0.24714,0.1158,2.5223,2.09262,0.00184,0.00055648,0.00055648,0.00055648
450,565.604,2.68997,2.05743,0.00152,0.41731,0.2766,0.24714,0.1158,2.5223,2.09262,0.00184,0.00055549,0.00055549,0.00055549
451,566.837,2.32206,1.98493,0.00142,0.41975,0.2766,0.24975,0.11877,2.50935,2.07863,0.00183,0.0005545,0.0005545,0.0005545
452,568.022,2.15327,1.85189,0.00117,0.41975,0.2766,0.24975,0.11877,2.50935,2.07863,0.00183,0.00055351,0.00055351,0.00055351
453,569.362,1.95186,1.67461,0.00117,0.41975,0.2766,0.24975,0.11877,2.50935,2.07863,0.00183,0.00055252,0.00055252,0.00055252
454,570.55,2.45035,2.38397,0.00139,0.41975,0.2766,0.24975,0.11877,2.50935,2.07863,0.00183,0.00055153,0.00055153,0.00055153
455,571.762,2.80653,2.40775,0.00173,0.41975,0.2766,0.24975,0.11877,2.50935,2.07863,0.00183,0.00055054,0.00055054,0.00055054
456,572.99,2.33821,2.04973,0.00134,0.41975,0.2766,0.24975,0.11877,2.50935,2.07863,0.00183,0.00054955,0.00054955,0.00054955
457,574.163,2.87207,2.23721,0.00137,0.41975,0.2766,0.24975,0.11877,2.50935,2.07863,0.00183,0.00054856,0.00054856,0.00054856
458,575.401,2.86405,2.42496,0.00141,0.42401,0.28723,0.26714,0.12347,2.51464,2.07891,0.00182,0.00054757,0.00054757,0.00054757
459,576.719,3.03811,2.79989,0.00154,0.42401,0.28723,0.26714,0.12347,2.51464,2.07891,0.00182,0.00054658,0.00054658,0.00054658
460,577.901,2.36507,1.91776,0.00138,0.42401,0.28723,0.26714,0.12347,2.51464,2.07891,0.00182,0.00054559,0.00054559,0.00054559
461,579.107,2.80876,2.20251,0.00164,0.42401,0.28723,0.26714,0.12347,2.51464,2.07891,0.00182,0.0005446,0.0005446,0.0005446
462,580.294,2.43681,2.04025,0.00149,0.42401,0.28723,0.26714,0.12347,2.51464,2.07891,0.00182,0.00054361,0.00054361,0.00054361
463,581.525,2.65998,2.29093,0.00166,0.42401,0.28723,0.26714,0.12347,2.51464,2.07891,0.00182,0.00054262,0.00054262,0.00054262
464,582.861,2.34837,1.77708,0.00146,0.44872,0.28723,0.27552,0.12685,2.48302,2.07525,0.00181,0.00054163,0.00054163,0.00054163
465,584.042,2.02542,1.76054,0.00121,0.44872,0.28723,0.27552,0.12685,2.48302,2.07525,0.00181,0.00054064,0.00054064,0.00054064
466,585.255,2.2582,2.03384,0.0011,0.44872,0.28723,0.27552,0.12685,2.48302,2.07525,0.00181,0.00053965,0.00053965,0.00053965
467,586.488,3.16351,2.36947,0.00173,0.44872,0.28723,0.27552,0.12685,2.48302,2.07525,0.00181,0.00053866,0.00053866,0.00053866
468,587.727,2.8915,2.45601,0.00143,0.44872,0.28723,0.27552,0.12685,2.48302,2.07525,0.00181,0.00053767,0.00053767,0.00053767
469,589.066,2.16926,1.7976,0.00147,0.44872,0.28723,0.27552,0.12685,2.48302,2.07525,0.00181,0.00053668,0.00053668,0.00053668
470,590.246,2.18526,1.70807,0.00128,0.44872,0.28723,0.27552,0.12685,2.48302,2.07525,0.00181,0.00053569,0.00053569,0.00053569
471,591.493,2.73501,2.2231,0.00142,0.42552,0.28723,0.27135,0.12414,2.4963,2.06958,0.0018,0.0005347,0.0005347,0.0005347
472,592.607,2.66328,1.97128,0.00139,0.42552,0.28723,0.27135,0.12414,2.4963,2.06958,0.0018,0.00053371,0.00053371,0.00053371
473,593.717,2.32432,1.92352,0.00123,0.42552,0.28723,0.27135,0.12414,2.4963,2.06958,0.0018,0.00053272,0.00053272,0.00053272
474,594.982,2.54844,2.17603,0.00137,0.42552,0.28723,0.27135,0.12414,2.4963,2.06958,0.0018,0.00053173,0.00053173,0.00053173
475,596.123,2.33425,1.92629,0.00159,0.42552,0.28723,0.27135,0.12414,2.4963,2.06958,0.0018,0.00053074,0.00053074,0.00053074
476,597.164,2.2642,2.02076,0.00152,0.42552,0.28723,0.27135,0.12414,2.4963,2.06958,0.0018,0.00052975,0.00052975,0.00052975
477,598.331,2.07362,2.21871,0.00118,0.43318,0.28723,0.27376,0.12703,2.49528,2.04941,0.00181,0.00052876,0.00052876,0.00052876
478,599.511,1.9925,1.74071,0.00127,0.43318,0.28723,0.27376,0.12703,2.49528,2.04941,0.00181,0.00052777,0.00052777,0.00052777
479,600.851,2.39039,1.88162,0.00134,0.43318,0.28723,0.27376,0.12703,2.49528,2.04941,0.00181,0.00052678,0.00052678,0.00052678
480,602.078,2.39771,2.12808,0.00124,0.43318,0.28723,0.27376,0.12703,2.49528,2.04941,0.00181,0.00052579,0.00052579,0.00052579
481,603.264,2.47761,1.93491,0.00148,0.43318,0.28723,0.27376,0.12703,2.49528,2.04941,0.00181,0.0005248,0.0005248,0.0005248
482,604.487,2.33188,2.28421,0.00145,0.43318,0.28723,0.27376,0.12703,2.49528,2.04941,0.00181,0.00052381,0.00052381,0.00052381
483,605.762,2.14082,1.64219,0.00146,0.45205,0.30851,0.27317,0.12274,2.4966,2.04656,0.00183,0.00052282,0.00052282,0.00052282
484,607.118,2.31002,1.9202,0.00152,0.45205,0.30851,0.27317,0.12274,2.4966,2.04656,0.00183,0.00052183,0.00052183,0.00052183
485,608.311,2.34978,2.0867,0.00138,0.45205,0.30851,0.27317,0.12274,2.4966,2.04656,0.00183,0.00052084,0.00052084,0.00052084
486,609.499,2.5242,2.20731,0.00153,0.45205,0.30851,0.27317,0.12274,2.4966,2.04656,0.00183,0.00051985,0.00051985,0.00051985
487,610.67,2.5035,2.19769,0.00142,0.45205,0.30851,0.27317,0.12274,2.4966,2.04656,0.00183,0.00051886,0.00051886,0.00051886
488,611.86,2.49767,2.03802,0.00129,0.45205,0.30851,0.27317,0.12274,2.4966,2.04656,0.00183,0.00051787,0.00051787,0.00051787
489,613.05,2.53414,1.76142,0.00148,0.45205,0.30851,0.27317,0.12274,2.4966,2.04656,0.00183,0.00051688,0.00051688,0.00051688
490,614.434,2.24588,1.85393,0.00146,0.45163,0.28723,0.2706,0.12225,2.47443,2.06046,0.00181,0.00051589,0.00051589,0.00051589
491,615.551,2.26758,1.93008,0.00161,0.45163,0.28723,0.2706,0.12225,2.47443,2.06046,0.00181,0.0005149,0.0005149,0.0005149
492,616.71,2.50038,2.15423,0.00155,0.45163,0.28723,0.2706,0.12225,2.47443,2.06046,0.00181,0.00051391,0.00051391,0.00051391
493,617.873,2.57778,2.28758,0.00132,0.45163,0.28723,0.2706,0.12225,2.47443,2.06046,0.00181,0.00051292,0.00051292,0.00051292
494,619.047,2.78913,2.16431,0.0015,0.45163,0.28723,0.2706,0.12225,2.47443,2.06046,0.00181,0.00051193,0.00051193,0.00051193
495,620.315,2.4517,1.94026,0.00165,0.45163,0.28723,0.2706,0.12225,2.47443,2.06046,0.00181,0.00051094,0.00051094,0.00051094
496,621.452,2.78902,2.33372,0.00168,0.47528,0.30835,0.27214,0.12384,2.50518,2.05044,0.00183,0.00050995,0.00050995,0.00050995
497,622.666,2.34462,1.86649,0.00151,0.47528,0.30835,0.27214,0.12384,2.50518,2.05044,0.00183,0.00050896,0.00050896,0.00050896
498,623.847,1.65046,1.50504,0.00118,0.47528,0.30835,0.27214,0.12384,2.50518,2.05044,0.00183,0.00050797,0.00050797,0.00050797
499,625.033,2.40517,2.19668,0.00129,0.47528,0.30835,0.27214,0.12384,2.50518,2.05044,0.00183,0.00050698,0.00050698,0.00050698
500,626.356,2.50592,2.12287,0.00131,0.47528,0.30835,0.27214,0.12384,2.50518,2.05044,0.00183,0.00050599,0.00050599,0.00050599
501,627.554,2.64279,2.1392,0.00145,0.47528,0.30835,0.27214,0.12384,2.50518,2.05044,0.00183,0.000505,0.000505,0.000505
502,628.747,2.56255,2.08948,0.00137,0.47528,0.30835,0.27214,0.12384,2.50518,2.05044,0.00183,0.00050401,0.00050401,0.00050401
503,629.981,2.65385,1.88994,0.00154,0.44919,0.29787,0.27088,0.12852,2.49461,2.05878,0.00181,0.00050302,0.00050302,0.00050302
504,631.083,3.04654,2.34088,0.00195,0.44919,0.29787,0.27088,0.12852,2.49461,2.05878,0.00181,0.00050203,0.00050203,0.00050203
505,632.203,2.35079,2.01021,0.00128,0.44919,0.29787,0.27088,0.12852,2.49461,2.05878,0.00181,0.00050104,0.00050104,0.00050104
506,633.511,2.9659,2.55766,0.0015,0.44919,0.29787,0.27088,0.12852,2.49461,2.05878,0.00181,0.00050005,0.00050005,0.00050005
507,634.678,2.99061,2.32026,0.00157,0.44919,0.29787,0.27088,0.12852,2.49461,2.05878,0.00181,0.00049906,0.00049906,0.00049906
508,635.817,2.27086,1.89005,0.00126,0.44919,0.29787,0.27088,0.12852,2.49461,2.05878,0.00181,0.00049807,0.00049807,0.00049807
509,637.013,2.87199,2.245,0.00151,0.45766,0.30851,0.27665,0.1259,2.50102,2.08139,0.00182,0.00049708,0.00049708,0.00049708
510,638.182,2.08264,1.87539,0.00118,0.45766,0.30851,0.27665,0.1259,2.50102,2.08139,0.00182,0.00049609,0.00049609,0.00049609
511,639.517,2.53239,2.22797,0.00143,0.45766,0.30851,0.27665,0.1259,2.50102,2.08139,0.00182,0.0004951,0.0004951,0.0004951
512,640.718,2.60406,2.02891,0.00161,0.45766,0.30851,0.27665,0.1259,2.50102,2.08139,0.00182,0.00049411,0.00049411,0.00049411
513,641.896,2.34918,1.94314,0.00131,0.45766,0.30851,0.27665,0.1259,2.50102,2.08139,0.00182,0.00049312,0.00049312,0.00049312
514,643.049,1.74776,1.72979,0.00095,0.45766,0.30851,0.27665,0.1259,2.50102,2.08139,0.00182,0.00049213,0.00049213,0.00049213
515,644.257,2.72545,2.4216,0.00169,0.47609,0.29787,0.27742,0.13026,2.48498,2.08247,0.00182,0.00049114,0.00049114,0.00049114
516,645.508,2.69052,2.05915,0.00156,0.47609,0.29787,0.27742,0.13026,2.48498,2.08247,0.00182,0.00049015,0.00049015,0.00049015
517,646.667,1.96587,1.83463,0.00129,0.47609,0.29787,0.27742,0.13026,2.48498,2.08247,0.00182,0.00048916,0.00048916,0.00048916
518,647.783,2.72155,2.30057,0.00155,0.47609,0.29787,0.27742,0.13026,2.48498,2.08247,0.00182,0.00048817,0.00048817,0.00048817
519,648.897,2.35179,2.08196,0.0014,0.47609,0.29787,0.27742,0.13026,2.48498,2.08247,0.00182,0.00048718,0.00048718,0.00048718
520,650.056,2.45773,2.19587,0.00133,0.47609,0.29787,0.27742,0.13026,2.48498,2.08247,0.00182,0.00048619,0.00048619,0.00048619
521,651.309,2.5034,1.99155,0.00139,0.47609,0.29787,0.27742,0.13026,2.48498,2.08247,0.00182,0.0004852,0.0004852,0.0004852
522,652.445,2.10882,1.74769,0.0013,0.46828,0.29787,0.27813,0.126,2.49897,2.09344,0.00184,0.00048421,0.00048421,0.00048421
523,653.592,2.8901,2.30435,0.00162,0.46828,0.29787,0.27813,0.126,2.49897,2.09344,0.00184,0.00048322,0.00048322,0.00048322
524,654.733,2.74677,2.37539,0.00163,0.46828,0.29787,0.27813,0.126,2.49897,2.09344,0.00184,0.00048223,0.00048223,0.00048223
525,655.913,2.83972,2.54836,0.00144,0.46828,0.29787,0.27813,0.126,2.49897,2.09344,0.00184,0.00048124,0.00048124,0.00048124
526,657.192,2.04211,1.51152,0.00135,0.46828,0.29787,0.27813,0.126,2.49897,2.09344,0.00184,0.00048025,0.00048025,0.00048025
527,658.332,2.8951,2.24048,0.00163,0.46828,0.29787,0.27813,0.126,2.49897,2.09344,0.00184,0.00047926,0.00047926,0.00047926
528,659.471,2.20986,2.00699,0.00127,0.50153,0.29787,0.27692,0.12906,2.51212,2.09774,0.00183,0.00047827,0.00047827,0.00047827
529,660.58,2.45376,1.76409,0.00139,0.50153,0.29787,0.27692,0.12906,2.51212,2.09774,0.00183,0.00047728,0.00047728,0.00047728
530,661.694,2.54014,1.90087,0.00132,0.50153,0.29787,0.27692,0.12906,2.51212,2.09774,0.00183,0.00047629,0.00047629,0.00047629
531,662.963,2.32876,1.75104,0.00149,0.50153,0.29787,0.27692,0.12906,2.51212,2.09774,0.00183,0.0004753,0.0004753,0.0004753
532,664.068,2.51595,1.99128,0.00139,0.50153,0.29787,0.27692,0.12906,2.51212,2.09774,0.00183,0.00047431,0.00047431,0.00047431
533,665.202,2.72304,2.1637,0.00153,0.50153,0.29787,0.27692,0.12906,2.51212,2.09774,0.00183,0.00047332,0.00047332,0.00047332
534,666.324,2.49319,1.99012,0.00142,0.50153,0.29787,0.27692,0.12906,2.51212,2.09774,0.00183,0.00047233,0.00047233,0.00047233
535,667.515,2.65601,2.16685,0.00124,0.49091,0.30851,0.27783,0.13043,2.52079,2.08321,0.00181,0.00047134,0.00047134,0.00047134
536,668.881,2.40826,1.61575,0.00147,0.49091,0.30851,0.27783,0.13043,2.52079,2.08321,0.00181,0.00047035,0.00047035,0.00047035
537,670.058,1.92576,1.70113,0.00116,0.49091,0.30851,0.27783,0.13043,2.52079,2.08321,0.00181,0.00046936,0.00046936,0.00046936
538,671.238,2.59516,2.08843,0.00131,0.49091,0.30851,0.27783,0.13043,2.52079,2.08321,0.00181,0.00046837,0.00046837,0.00046837
539,672.46,2.41836,1.66654,0.00147,0.49091,0.30851,0.27783,0.13043,2.52079,2.08321,0.00181,0.00046738,0.00046738,0.00046738
540,673.65,2.69031,2.12499,0.00157,0.49091,0.30851,0.27783,0.13043,2.52079,2.08321,0.00181,0.00046639,0.00046639,0.00046639
541,674.868,2.47207,1.86033,0.00133,0.48299,0.30851,0.287,0.1318,2.54231,2.06775,0.00182,0.0004654,0.0004654,0.0004654
542,676.196,2.15329,2.22436,0.00133,0.48299,0.30851,0.287,0.1318,2.54231,2.06775,0.00182,0.00046441,0.00046441,0.00046441
543,677.381,2.75089,2.11528,0.00149,0.48299,0.30851,0.287,0.1318,2.54231,2.06775,0.00182,0.00046342,0.00046342,0.00046342
544,678.594,2.29823,1.8996,0.00128,0.48299,0.30851,0.287,0.1318,2.54231,2.06775,0.00182,0.00046243,0.00046243,0.00046243
545,679.765,2.71688,2.42917,0.00151,0.48299,0.30851,0.287,0.1318,2.54231,2.06775,0.00182,0.00046144,0.00046144,0.00046144
546,680.961,2.63415,1.93537,0.00135,0.48299,0.30851,0.287,0.1318,2.54231,2.06775,0.00182,0.00046045,0.00046045,0.00046045
547,682.35,2.54118,1.86361,0.00146,0.48334,0.30851,0.28852,0.13119,2.55372,2.052,0.00183,0.00045946,0.00045946,0.00045946
548,683.481,2.26558,1.93841,0.00144,0.48334,0.30851,0.28852,0.13119,2.55372,2.052,0.00183,0.00045847,0.00045847,0.00045847
549,684.594,2.54047,2.23129,0.00147,0.48334,0.30851,0.28852,0.13119,2.55372,2.052,0.00183,0.00045748,0.00045748,0.00045748
550,685.761,2.72429,2.05475,0.00149,0.48334,0.30851,0.28852,0.13119,2.55372,2.052,0.00183,0.00045649,0.00045649,0.00045649
551,686.892,2.2493,1.73993,0.0013,0.48334,0.30851,0.28852,0.13119,2.55372,2.052,0.00183,0.0004555,0.0004555,0.0004555
552,688.138,3.00544,2.43505,0.00142,0.48334,0.30851,0.28852,0.13119,2.55372,2.052,0.00183,0.00045451,0.00045451,0.00045451
553,689.251,2.09241,1.65083,0.00131,0.48334,0.30851,0.28852,0.13119,2.55372,2.052,0.00183,0.00045352,0.00045352,0.00045352
554,690.407,2.9055,2.35916,0.0016,0.47712,0.30851,0.28908,0.13154,2.56953,2.04782,0.00182,0.00045253,0.00045253,0.00045253
555,691.578,2.32832,1.9521,0.00134,0.47712,0.30851,0.28908,0.13154,2.56953,2.04782,0.00182,0.00045154,0.00045154,0.00045154
556,692.733,2.52849,2.15117,0.00132,0.47712,0.30851,0.28908,0.13154,2.56953,2.04782,0.00182,0.00045055,0.00045055,0.00045055
557,694.027,2.33075,1.89204,0.00119,0.47712,0.30851,0.28908,0.13154,2.56953,2.04782,0.00182,0.00044956,0.00044956,0.00044956
558,695.207,2.35527,1.72073,0.00128,0.47712,0.30851,0.28908,0.13154,2.56953,2.04782,0.00182,0.00044857,0.00044857,0.00044857
559,696.344,2.58729,2.07561,0.0014,0.47712,0.30851,0.28908,0.13154,2.56953,2.04782,0.00182,0.00044758,0.00044758,0.00044758
560,697.484,2.60363,1.8127,0.00149,0.52621,0.30851,0.2804,0.13179,2.55067,1.97395,0.00184,0.00044659,0.00044659,0.00044659
561,698.636,2.75515,2.0943,0.00154,0.52621,0.30851,0.2804,0.13179,2.55067,1.97395,0.00184,0.0004456,0.0004456,0.0004456
562,699.793,2.43953,2.1022,0.00132,0.52621,0.30851,0.2804,0.13179,2.55067,1.97395,0.00184,0.00044461,0.00044461,0.00044461
563,701.088,2.25926,1.66561,0.00135,0.52621,0.30851,0.2804,0.13179,2.55067,1.97395,0.00184,0.00044362,0.00044362,0.00044362
564,702.249,2.15909,1.6665,0.00112,0.52621,0.30851,0.2804,0.13179,2.55067,1.97395,0.00184,0.00044263,0.00044263,0.00044263
565,703.414,2.49616,1.91643,0.00143,0.52621,0.30851,0.2804,0.13179,2.55067,1.97395,0.00184,0.00044164,0.00044164,0.00044164
566,704.582,3.0101,2.23307,0.00157,0.52621,0.30851,0.2804,0.13179,2.55067,1.97395,0.00184,0.00044065,0.00044065,0.00044065
567,705.766,2.1746,1.8186,0.00129,0.52734,0.30851,0.28694,0.13381,2.55092,1.97302,0.00182,0.00043966,0.00043966,0.00043966
568,707.152,2.0544,1.52856,0.00123,0.52734,0.30851,0.28694,0.13381,2.55092,1.97302,0.00182,0.00043867,0.00043867,0.00043867
569,708.377,2.38008,2.02653,0.00146,0.52734,0.30851,0.28694,0.13381,2.55092,1.97302,0.00182,0.00043768,0.00043768,0.00043768
570,709.599,2.35589,1.88561,0.00134,0.52734,0.30851,0.28694,0.13381,2.55092,1.97302,0.00182,0.00043669,0.00043669,0.00043669
571,710.767,2.88525,2.48711,0.00154,0.52734,0.30851,0.28694,0.13381,2.55092,1.97302,0.00182,0.0004357,0.0004357,0.0004357
572,711.937,2.2667,1.89152,0.00137,0.52734,0.30851,0.28694,0.13381,2.55092,1.97302,0.00182,0.00043471,0.00043471,0.00043471
573,713.283,2.34735,1.71946,0.00134,0.51612,0.30851,0.28719,0.13417,2.53977,1.95838,0.00182,0.00043372,0.00043372,0.00043372
574,714.466,2.17753,1.70385,0.00136,0.51612,0.30851,0.28719,0.13417,2.53977,1.95838,0.00182,0.00043273,0.00043273,0.00043273
575,715.636,2.60779,2.07813,0.00151,0.51612,0.30851,0.28719,0.13417,2.53977,1.95838,0.00182,0.00043174,0.00043174,0.00043174
576,716.857,2.15891,1.79214,0.0013,0.51612,0.30851,0.28719,0.13417,2.53977,1.95838,0.00182,0.00043075,0.00043075,0.00043075
577,718.015,2.19874,1.78364,0.00133,0.51612,0.30851,0.28719,0.13417,2.53977,1.95838,0.00182,0.00042976,0.00042976,0.00042976
578,719.381,2.63247,2.28137,0.00141,0.51612,0.30851,0.28719,0.13417,2.53977,1.95838,0.00182,0.00042877,0.00042877,0.00042877
579,720.6,2.18665,1.91309,0.00112,0.52225,0.31403,0.29095,0.1369,2.54088,1.99115,0.00182,0.00042778,0.00042778,0.00042778
580,721.8,2.52725,1.93399,0.00136,0.52225,0.31403,0.29095,0.1369,2.54088,1.99115,0.00182,0.00042679,0.00042679,0.00042679
581,723.026,2.4651,1.96511,0.00133,0.52225,0.31403,0.29095,0.1369,2.54088,1.99115,0.00182,0.0004258,0.0004258,0.0004258
582,724.216,2.17954,1.68409,0.00118,0.52225,0.31403,0.29095,0.1369,2.54088,1.99115,0.00182,0.00042481,0.00042481,0.00042481
583,725.563,2.76703,2.08516,0.00137,0.52225,0.31403,0.29095,0.1369,2.54088,1.99115,0.00182,0.00042382,0.00042382,0.00042382
584,726.758,2.63394,2.14383,0.00143,0.52225,0.31403,0.29095,0.1369,2.54088,1.99115,0.00182,0.00042283,0.00042283,0.00042283
585,727.982,2.94762,2.1829,0.00134,0.52225,0.31403,0.29095,0.1369,2.54088,1.99115,0.00182,0.00042184,0.00042184,0.00042184
586,729.199,2.04427,1.58037,0.00116,0.5392,0.30851,0.29543,0.13921,2.54604,1.99448,0.00181,0.00042085,0.00042085,0.00042085
587,730.321,2.20616,1.62416,0.00132,0.5392,0.30851,0.29543,0.13921,2.54604,1.99448,0.00181,0.00041986,0.00041986,0.00041986
588,731.602,2.68925,1.99799,0.00139,0.5392,0.30851,0.29543,0.13921,2.54604,1.99448,0.00181,0.00041887,0.00041887,0.00041887
589,732.716,2.55214,1.98589,0.00151,0.5392,0.30851,0.29543,0.13921,2.54604,1.99448,0.00181,0.00041788,0.00041788,0.00041788
590,733.846,2.48551,1.82726,0.00135,0.5392,0.30851,0.29543,0.13921,2.54604,1.99448,0.00181,0.00041689,0.00041689,0.00041689
591,734.953,2.44968,2.18446,0.00117,0.5392,0.30851,0.29543,0.13921,2.54604,1.99448,0.00181,0.0004159,0.0004159,0.0004159
592,736.101,2.66915,2.00208,0.0014,0.53655,0.30851,0.29202,0.1379,2.53334,2.0075,0.0018,0.00041491,0.00041491,0.00041491
593,737.35,2.27953,1.70622,0.00123,0.53655,0.30851,0.29202,0.1379,2.53334,2.0075,0.0018,0.00041392,0.00041392,0.00041392
594,738.501,2.16111,1.77371,0.00133,0.53655,0.30851,0.29202,0.1379,2.53334,2.0075,0.0018,0.00041293,0.00041293,0.00041293
595,739.652,2.42413,1.83656,0.00137,0.53655,0.30851,0.29202,0.1379,2.53334,2.0075,0.0018,0.00041194,0.00041194,0.00041194
596,740.75,2.126,1.72746,0.00119,0.53655,0.30851,0.29202,0.1379,2.53334,2.0075,0.0018,0.00041095,0.00041095,0.00041095
597,741.853,3.30015,2.43112,0.00156,0.53655,0.30851,0.29202,0.1379,2.53334,2.0075,0.0018,0.00040996,0.00040996,0.00040996
598,743.115,2.75501,2.38631,0.00135,0.53655,0.30851,0.29202,0.1379,2.53334,2.0075,0.0018,0.00040897,0.00040897,0.00040897
599,744.276,2.20179,1.9046,0.0012,0.49807,0.30851,0.29127,0.13423,2.50832,2.03436,0.00179,0.00040798,0.00040798,0.00040798
600,745.377,2.26498,1.6238,0.00128,0.49807,0.30851,0.29127,0.13423,2.50832,2.03436,0.00179,0.00040699,0.00040699,0.00040699
601,746.481,2.09937,1.65872,0.00115,0.49807,0.30851,0.29127,0.13423,2.50832,2.03436,0.00179,0.000406,0.000406,0.000406
602,747.614,2.48004,1.88626,0.00132,0.49807,0.30851,0.29127,0.13423,2.50832,2.03436,0.00179,0.00040501,0.00040501,0.00040501
603,748.877,2.98396,2.87535,0.00131,0.49807,0.30851,0.29127,0.13423,2.50832,2.03436,0.00179,0.00040402,0.00040402,0.00040402
604,750.005,2.21346,1.77059,0.00115,0.49807,0.30851,0.29127,0.13423,2.50832,2.03436,0.00179,0.00040303,0.00040303,0.00040303
605,751.159,2.29254,1.81649,0.00137,0.49239,0.29787,0.29632,0.1376,2.51532,2.00427,0.00178,0.00040204,0.00040204,0.00040204
606,752.344,2.61248,2.25349,0.00138,0.49239,0.29787,0.29632,0.1376,2.51532,2.00427,0.00178,0.00040105,0.00040105,0.00040105
607,753.471,2.22919,1.93129,0.00127,0.49239,0.29787,0.29632,0.1376,2.51532,2.00427,0.00178,0.00040006,0.00040006,0.00040006
608,754.589,2.2536,1.67921,0.00141,0.49239,0.29787,0.29632,0.1376,2.51532,2.00427,0.00178,0.00039907,0.00039907,0.00039907
609,755.878,2.36081,2.01713,0.00133,0.49239,0.29787,0.29632,0.1376,2.51532,2.00427,0.00178,0.00039808,0.00039808,0.00039808
610,757.006,2.53544,2.05249,0.00136,0.49239,0.29787,0.29632,0.1376,2.51532,2.00427,0.00178,0.00039709,0.00039709,0.00039709
611,758.188,2.75204,2.3981,0.00135,0.4899,0.30851,0.30012,0.14236,2.4876,2.00694,0.00177,0.0003961,0.0003961,0.0003961
612,759.294,2.36523,1.75159,0.00124,0.4899,0.30851,0.30012,0.14236,2.4876,2.00694,0.00177,0.00039511,0.00039511,0.00039511
613,760.433,2.24702,1.85613,0.00123,0.4899,0.30851,0.30012,0.14236,2.4876,2.00694,0.00177,0.00039412,0.00039412,0.00039412
614,761.706,2.14675,1.66603,0.00127,0.4899,0.30851,0.30012,0.14236,2.4876,2.00694,0.00177,0.00039313,0.00039313,0.00039313
615,762.829,2.08036,1.61786,0.00129,0.4899,0.30851,0.30012,0.14236,2.4876,2.00694,0.00177,0.00039214,0.00039214,0.00039214
616,763.979,2.40697,2.11068,0.00157,0.4899,0.30851,0.30012,0.14236,2.4876,2.00694,0.00177,0.00039115,0.00039115,0.00039115
617,765.122,2.77526,2.21356,0.00145,0.4899,0.30851,0.30012,0.14236,2.4876,2.00694,0.00177,0.00039016,0.00039016,0.00039016
618,766.283,1.9515,1.40746,0.00124,0.52738,0.30851,0.29812,0.14138,2.52277,1.99554,0.0018,0.00038917,0.00038917,0.00038917
619,767.568,2.096,1.67029,0.00117,0.52738,0.30851,0.29812,0.14138,2.52277,1.99554,0.0018,0.00038818,0.00038818,0.00038818
620,768.676,2.43302,1.90063,0.0014,0.52738,0.30851,0.29812,0.14138,2.52277,1.99554,0.0018,0.00038719,0.00038719,0.00038719
621,769.796,2.2912,1.97876,0.00119,0.52738,0.30851,0.29812,0.14138,2.52277,1.99554,0.0018,0.0003862,0.0003862,0.0003862
622,770.931,2.22771,1.76215,0.00128,0.52738,0.30851,0.29812,0.14138,2.52277,1.99554,0.0018,0.00038521,0.00038521,0.00038521
623,772.046,2.53327,2.18836,0.0013,0.52738,0.30851,0.29812,0.14138,2.52277,1.99554,0.0018,0.00038422,0.00038422,0.00038422
624,773.184,2.29198,1.9178,0.00115,0.50806,0.31915,0.29831,0.14283,2.49471,2.01432,0.00177,0.00038323,0.00038323,0.00038323
625,774.499,2.35517,2.21884,0.00129,0.50806,0.31915,0.29831,0.14283,2.49471,2.01432,0.00177,0.00038224,0.00038224,0.00038224
626,775.7,2.57714,2.11712,0.00125,0.50806,0.31915,0.29831,0.14283,2.49471,2.01432,0.00177,0.00038125,0.00038125,0.00038125
627,776.886,2.26669,2.19946,0.00126,0.50806,0.31915,0.29831,0.14283,2.49471,2.01432,0.00177,0.00038026,0.00038026,0.00038026
628,778.083,2.02867,1.69448,0.00124,0.50806,0.31915,0.29831,0.14283,2.49471,2.01432,0.00177,0.00037927,0.00037927,0.00037927
629,779.262,2.26766,1.83763,0.00124,0.50806,0.31915,0.29831,0.14283,2.49471,2.01432,0.00177,0.00037828,0.00037828,0.00037828
630,780.618,2.01189,1.84601,0.00124,0.50806,0.31915,0.29831,0.14283,2.49471,2.01432,0.00177,0.00037729,0.00037729,0.00037729
631,781.865,2.16715,1.68214,0.00132,0.48753,0.31915,0.30529,0.14444,2.50431,2.00418,0.00178,0.0003763,0.0003763,0.0003763
632,783.045,2.35855,1.6561,0.00124,0.48753,0.31915,0.30529,0.14444,2.50431,2.00418,0.00178,0.00037531,0.00037531,0.00037531
633,784.256,2.26484,1.73589,0.00138,0.48753,0.31915,0.30529,0.14444,2.50431,2.00418,0.00178,0.00037432,0.00037432,0.00037432
634,785.423,2.15873,1.79805,0.00128,0.48753,0.31915,0.30529,0.14444,2.50431,2.00418,0.00178,0.00037333,0.00037333,0.00037333
635,786.761,2.4675,2.33255,0.00141,0.48753,0.31915,0.30529,0.14444,2.50431,2.00418,0.00178,0.00037234,0.00037234,0.00037234
636,787.934,2.18129,1.46004,0.00124,0.48753,0.31915,0.30529,0.14444,2.50431,2.00418,0.00178,0.00037135,0.00037135,0.00037135
637,789.137,2.17251,1.6866,0.00119,0.50576,0.31915,0.30467,0.14839,2.50151,2.01271,0.00177,0.00037036,0.00037036,0.00037036
638,790.358,1.98892,1.97895,0.00126,0.50576,0.31915,0.30467,0.14839,2.50151,2.01271,0.00177,0.00036937,0.00036937,0.00036937
639,791.577,2.4907,1.70655,0.00137,0.50576,0.31915,0.30467,0.14839,2.50151,2.01271,0.00177,0.00036838,0.00036838,0.00036838
640,792.953,3.04059,2.41801,0.00171,0.50576,0.31915,0.30467,0.14839,2.50151,2.01271,0.00177,0.00036739,0.00036739,0.00036739
641,794.15,2.18567,1.93058,0.00121,0.50576,0.31915,0.30467,0.14839,2.50151,2.01271,0.00177,0.0003664,0.0003664,0.0003664
642,795.357,2.79241,2.30671,0.00135,0.50576,0.31915,0.30467,0.14839,2.50151,2.01271,0.00177,0.00036541,0.00036541,0.00036541
643,796.559,2.39229,1.84993,0.00131,0.48056,0.31915,0.30194,0.14442,2.49956,1.99275,0.00178,0.00036442,0.00036442,0.00036442
644,797.681,2.66735,2.4076,0.00135,0.48056,0.31915,0.30194,0.14442,2.49956,1.99275,0.00178,0.00036343,0.00036343,0.00036343
645,798.976,2.48522,1.98285,0.00141,0.48056,0.31915,0.30194,0.14442,2.49956,1.99275,0.00178,0.00036244,0.00036244,0.00036244
646,800.106,1.96782,1.69949,0.00129,0.48056,0.31915,0.30194,0.14442,2.49956,1.99275,0.00178,0.00036145,0.00036145,0.00036145
647,801.223,2.30134,1.84226,0.00137,0.48056,0.31915,0.30194,0.14442,2.49956,1.99275,0.00178,0.00036046,0.00036046,0.00036046
648,802.35,2.74918,2.05513,0.00139,0.48056,0.31915,0.30194,0.14442,2.49956,1.99275,0.00178,0.00035947,0.00035947,0.00035947
649,803.555,2.30854,1.87231,0.00133,0.48056,0.31915,0.30194,0.14442,2.49956,1.99275,0.00178,0.00035848,0.00035848,0.00035848
650,804.697,1.9192,1.81807,0.00121,0.48392,0.31915,0.30835,0.14825,2.50781,1.99104,0.00177,0.00035749,0.00035749,0.00035749
651,805.948,2.03388,1.87539,0.00121,0.48392,0.31915,0.30835,0.14825,2.50781,1.99104,0.00177,0.0003565,0.0003565,0.0003565
652,807.104,2.79829,2.3993,0.0015,0.48392,0.31915,0.30835,0.14825,2.50781,1.99104,0.00177,0.00035551,0.00035551,0.00035551
653,808.236,2.8556,2.5248,0.00155,0.48392,0.31915,0.30835,0.14825,2.50781,1.99104,0.00177,0.00035452,0.00035452,0.00035452
654,809.296,2.71632,2.35002,0.00146,0.48392,0.31915,0.30835,0.14825,2.50781,1.99104,0.00177,0.00035353,0.00035353,0.00035353
655,810.433,2.52812,2.40764,0.00141,0.48392,0.31915,0.30835,0.14825,2.50781,1.99104,0.00177,0.00035254,0.00035254,0.00035254
656,811.767,2.22723,1.75949,0.00124,0.4761,0.32979,0.30958,0.14964,2.50273,1.98398,0.00177,0.00035155,0.00035155,0.00035155
657,812.971,2.27457,1.84896,0.00117,0.4761,0.32979,0.30958,0.14964,2.50273,1.98398,0.00177,0.00035056,0.00035056,0.00035056
658,814.197,2.37211,2.00299,0.0013,0.4761,0.32979,0.30958,0.14964,2.50273,1.98398,0.00177,0.00034957,0.00034957,0.00034957
659,815.423,2.44881,1.9408,0.00132,0.4761,0.32979,0.30958,0.14964,2.50273,1.98398,0.00177,0.00034858,0.00034858,0.00034858
660,816.604,2.19424,1.78609,0.00126,0.4761,0.32979,0.30958,0.14964,2.50273,1.98398,0.00177,0.00034759,0.00034759,0.00034759
661,817.951,2.25989,1.74153,0.00126,0.4761,0.32979,0.30958,0.14964,2.50273,1.98398,0.00177,0.0003466,0.0003466,0.0003466
662,819.112,2.90988,2.25636,0.00143,0.4761,0.32979,0.30958,0.14964,2.50273,1.98398,0.00177,0.00034561,0.00034561,0.00034561
663,820.325,2.27051,1.92487,0.00125,0.48185,0.3364,0.30837,0.14953,2.47747,1.98017,0.00177,0.00034462,0.00034462,0.00034462
664,821.495,2.40882,1.83333,0.00137,0.48185,0.3364,0.30837,0.14953,2.47747,1.98017,0.00177,0.00034363,0.00034363,0.00034363
665,822.667,2.64284,2.19648,0.00131,0.48185,0.3364,0.30837,0.14953,2.47747,1.98017,0.00177,0.00034264,0.00034264,0.00034264
666,824.038,2.18442,1.68449,0.00123,0.48185,0.3364,0.30837,0.14953,2.47747,1.98017,0.00177,0.00034165,0.00034165,0.00034165
667,825.237,2.10852,2.01471,0.00113,0.48185,0.3364,0.30837,0.14953,2.47747,1.98017,0.00177,0.00034066,0.00034066,0.00034066
668,826.492,2.46929,1.85746,0.00129,0.48185,0.3364,0.30837,0.14953,2.47747,1.98017,0.00177,0.00033967,0.00033967,0.00033967
669,827.727,2.38632,1.75227,0.00122,0.49884,0.33887,0.30762,0.14911,2.48368,1.97902,0.00176,0.00033868,0.00033868,0.00033868
670,828.913,2.44902,1.95002,0.00156,0.49884,0.33887,0.30762,0.14911,2.48368,1.97902,0.00176,0.00033769,0.00033769,0.00033769
671,830.241,2.43908,2.04897,0.00143,0.49884,0.33887,0.30762,0.14911,2.48368,1.97902,0.00176,0.0003367,0.0003367,0.0003367
672,831.43,2.13333,1.73086,0.00112,0.49884,0.33887,0.30762,0.14911,2.48368,1.97902,0.00176,0.00033571,0.00033571,0.00033571
673,832.614,2.17629,1.86053,0.00128,0.49884,0.33887,0.30762,0.14911,2.48368,1.97902,0.00176,0.00033472,0.00033472,0.00033472
674,833.827,2.26193,2.02552,0.00143,0.49884,0.33887,0.30762,0.14911,2.48368,1.97902,0.00176,0.00033373,0.00033373,0.00033373
675,835.107,2.16693,1.66464,0.00132,0.48486,0.32043,0.30706,0.14545,2.48998,1.96704,0.00178,0.00033274,0.00033274,0.00033274
676,836.263,1.86365,1.67701,0.00119,0.48486,0.32043,0.30706,0.14545,2.48998,1.96704,0.00178,0.00033175,0.00033175,0.00033175
677,837.531,2.42627,1.85778,0.00121,0.48486,0.32043,0.30706,0.14545,2.48998,1.96704,0.00178,0.00033076,0.00033076,0.00033076
678,838.645,2.57163,2.19952,0.00132,0.48486,0.32043,0.30706,0.14545,2.48998,1.96704,0.00178,0.00032977,0.00032977,0.00032977
679,839.786,2.27471,1.87862,0.0013,0.48486,0.32043,0.30706,0.14545,2.48998,1.96704,0.00178,0.00032878,0.00032878,0.00032878
680,840.979,2.58175,1.9375,0.0013,0.48486,0.32043,0.30706,0.14545,2.48998,1.96704,0.00178,0.00032779,0.00032779,0.00032779
681,842.089,2.05881,1.86745,0.00113,0.48486,0.32043,0.30706,0.14545,2.48998,1.96704,0.00178,0.0003268,0.0003268,0.0003268
682,843.406,2.94259,2.16105,0.00149,0.51464,0.34043,0.32293,0.14843,2.49789,1.9606,0.00177,0.00032581,0.00032581,0.00032581
683,844.625,2.29192,1.69506,0.00147,0.51464,0.34043,0.32293,0.14843,2.49789,1.9606,0.00177,0.00032482,0.00032482,0.00032482
684,845.802,2.33152,1.69166,0.00129,0.51464,0.34043,0.32293,0.14843,2.49789,1.9606,0.00177,0.00032383,0.00032383,0.00032383
685,846.987,2.65151,2.18121,0.00134,0.51464,0.34043,0.32293,0.14843,2.49789,1.9606,0.00177,0.00032284,0.00032284,0.00032284
686,848.176,2.81318,2.21336,0.00147,0.51464,0.34043,0.32293,0.14843,2.49789,1.9606,0.00177,0.00032185,0.00032185,0.00032185
687,849.498,1.76271,1.68702,0.00101,0.51464,0.34043,0.32293,0.14843,2.49789,1.9606,0.00177,0.00032086,0.00032086,0.00032086
688,850.736,2.35413,1.8568,0.00149,0.5155,0.31915,0.32446,0.15035,2.49289,1.96562,0.00178,0.00031987,0.00031987,0.00031987
689,851.895,2.60283,1.91465,0.00157,0.5155,0.31915,0.32446,0.15035,2.49289,1.96562,0.00178,0.00031888,0.00031888,0.00031888
690,853.026,2.87373,2.25698,0.00142,0.5155,0.31915,0.32446,0.15035,2.49289,1.96562,0.00178,0.00031789,0.00031789,0.00031789
691,854.168,2.29483,1.58692,0.00123,0.5155,0.31915,0.32446,0.15035,2.49289,1.96562,0.00178,0.0003169,0.0003169,0.0003169
692,855.483,2.47926,1.9143,0.00134,0.5155,0.31915,0.32446,0.15035,2.49289,1.96562,0.00178,0.00031591,0.00031591,0.00031591
693,856.626,2.26687,1.67757,0.00126,0.5155,0.31915,0.32446,0.15035,2.49289,1.96562,0.00178,0.00031492,0.00031492,0.00031492
694,857.783,2.4121,2.14655,0.00136,0.5155,0.31915,0.32446,0.15035,2.49289,1.96562,0.00178,0.00031393,0.00031393,0.00031393
695,858.963,2.01088,1.44781,0.00121,0.55082,0.32979,0.32676,0.15084,2.49486,1.96424,0.00177,0.00031294,0.00031294,0.00031294
696,860.116,2.76477,2.16022,0.00125,0.55082,0.32979,0.32676,0.15084,2.49486,1.96424,0.00177,0.00031195,0.00031195,0.00031195
697,861.417,1.97487,1.45719,0.00117,0.55082,0.32979,0.32676,0.15084,2.49486,1.96424,0.00177,0.00031096,0.00031096,0.00031096
698,862.568,2.77131,2.1709,0.00149,0.55082,0.32979,0.32676,0.15084,2.49486,1.96424,0.00177,0.00030997,0.00030997,0.00030997
699,863.705,1.88227,1.35879,0.0012,0.55082,0.32979,0.32676,0.15084,2.49486,1.96424,0.00177,0.00030898,0.00030898,0.00030898
700,864.833,2.30699,2.07951,0.00137,0.55082,0.32979,0.32676,0.15084,2.49486,1.96424,0.00177,0.00030799,0.00030799,0.00030799
701,865.994,2.65077,2.20744,0.00147,0.52725,0.34043,0.33116,0.15053,2.50898,1.93499,0.00179,0.000307,0.000307,0.000307
702,867.217,2.44969,2.11104,0.00132,0.52725,0.34043,0.33116,0.15053,2.50898,1.93499,0.00179,0.00030601,0.00030601,0.00030601
703,868.632,2.68968,2.07179,0.00153,0.52725,0.34043,0.33116,0.15053,2.50898,1.93499,0.00179,0.00030502,0.00030502,0.00030502
704,869.889,2.48802,2.05467,0.00141,0.52725,0.34043,0.33116,0.15053,2.50898,1.93499,0.00179,0.00030403,0.00030403,0.00030403
705,871.093,2.56914,1.95501,0.0013,0.52725,0.34043,0.33116,0.15053,2.50898,1.93499,0.00179,0.00030304,0.00030304,0.00030304
706,872.302,2.22791,1.92733,0.00125,0.52725,0.34043,0.33116,0.15053,2.50898,1.93499,0.00179,0.00030205,0.00030205,0.00030205
707,873.552,2.45526,2.0334,0.00144,0.49827,0.34043,0.32447,0.14972,2.49094,1.95815,0.00177,0.00030106,0.00030106,0.00030106
708,874.814,2.2729,1.90435,0.00122,0.49827,0.34043,0.32447,0.14972,2.49094,1.95815,0.00177,0.00030007,0.00030007,0.00030007
709,875.956,2.90316,1.9078,0.00147,0.49827,0.34043,0.32447,0.14972,2.49094,1.95815,0.00177,0.00029908,0.00029908,0.00029908
710,877.093,2.15941,1.56077,0.00125,0.49827,0.34043,0.32447,0.14972,2.49094,1.95815,0.00177,0.00029809,0.00029809,0.00029809
711,878.245,2.24927,1.89739,0.00126,0.49827,0.34043,0.32447,0.14972,2.49094,1.95815,0.00177,0.0002971,0.0002971,0.0002971
712,879.38,2.03321,1.60306,0.00129,0.49827,0.34043,0.32447,0.14972,2.49094,1.95815,0.00177,0.00029611,0.00029611,0.00029611
713,880.645,2.40991,1.65915,0.00143,0.49827,0.34043,0.32447,0.14972,2.49094,1.95815,0.00177,0.00029512,0.00029512,0.00029512
714,881.816,2.3761,1.89511,0.00143,0.46857,0.34043,0.32539,0.14855,2.50991,1.95806,0.00178,0.00029413,0.00029413,0.00029413
715,882.964,2.59883,2.0557,0.00153,0.46857,0.34043,0.32539,0.14855,2.50991,1.95806,0.00178,0.00029314,0.00029314,0.00029314
716,884.094,2.78619,2.07308,0.00146,0.46857,0.34043,0.32539,0.14855,2.50991,1.95806,0.00178,0.00029215,0.00029215,0.00029215
717,885.235,2.38286,2.20108,0.0014,0.46857,0.34043,0.32539,0.14855,2.50991,1.95806,0.00178,0.00029116,0.00029116,0.00029116
718,886.524,3.12662,2.35908,0.00144,0.46857,0.34043,0.32539,0.14855,2.50991,1.95806,0.00178,0.00029017,0.00029017,0.00029017
719,887.673,2.86855,2.02393,0.00165,0.46857,0.34043,0.32539,0.14855,2.50991,1.95806,0.00178,0.00028918,0.00028918,0.00028918
720,888.826,2.36526,1.77031,0.00127,0.48554,0.34043,0.3246,0.14864,2.51156,1.97026,0.00177,0.00028819,0.00028819,0.00028819
721,889.931,1.6848,1.62624,0.00106,0.48554,0.34043,0.3246,0.14864,2.51156,1.97026,0.00177,0.0002872,0.0002872,0.0002872
722,891.031,2.82986,2.06023,0.00154,0.48554,0.34043,0.3246,0.14864,2.51156,1.97026,0.00177,0.00028621,0.00028621,0.00028621
723,892.15,2.20475,1.86568,0.00107,0.48554,0.34043,0.3246,0.14864,2.51156,1.97026,0.00177,0.00028522,0.00028522,0.00028522
724,893.431,2.52438,2.60042,0.00121,0.48554,0.34043,0.3246,0.14864,2.51156,1.97026,0.00177,0.00028423,0.00028423,0.00028423
725,894.601,2.51833,2.19577,0.00125,0.48554,0.34043,0.3246,0.14864,2.51156,1.97026,0.00177,0.00028324,0.00028324,0.00028324
726,895.734,2.27048,1.70158,0.00135,0.48554,0.34043,0.3246,0.14864,2.51156,1.97026,0.00177,0.00028225,0.00028225,0.00028225
727,896.91,2.37662,1.90545,0.00133,0.49478,0.34043,0.32614,0.15023,2.51145,1.95081,0.00178,0.00028126,0.00028126,0.00028126
728,898.053,1.99286,1.41187,0.00126,0.49478,0.34043,0.32614,0.15023,2.51145,1.95081,0.00178,0.00028027,0.00028027,0.00028027
729,899.36,3.16002,2.73962,0.00157,0.49478,0.34043,0.32614,0.15023,2.51145,1.95081,0.00178,0.00027928,0.00027928,0.00027928
730,900.541,2.47098,1.90669,0.00142,0.49478,0.34043,0.32614,0.15023,2.51145,1.95081,0.00178,0.00027829,0.00027829,0.00027829
731,901.692,2.4773,2.1729,0.00152,0.49478,0.34043,0.32614,0.15023,2.51145,1.95081,0.00178,0.0002773,0.0002773,0.0002773
732,902.833,3.20351,2.68969,0.00159,0.49478,0.34043,0.32614,0.15023,2.51145,1.95081,0.00178,0.00027631,0.00027631,0.00027631
733,904.012,2.08223,1.76251,0.00118,0.4855,0.34043,0.3255,0.15169,2.50398,1.9354,0.00178,0.00027532,0.00027532,0.00027532
734,905.332,2.03494,1.69033,0.00117,0.4855,0.34043,0.3255,0.15169,2.50398,1.9354,0.00178,0.00027433,0.00027433,0.00027433
735,906.513,2.48341,1.78173,0.00147,0.4855,0.34043,0.3255,0.15169,2.50398,1.9354,0.00178,0.00027334,0.00027334,0.00027334
736,907.699,2.75649,2.19861,0.00137,0.4855,0.34043,0.3255,0.15169,2.50398,1.9354,0.00178,0.00027235,0.00027235,0.00027235
737,908.89,2.23874,1.86217,0.00122,0.4855,0.34043,0.3255,0.15169,2.50398,1.9354,0.00178,0.00027136,0.00027136,0.00027136
738,910.107,2.80287,2.10726,0.0014,0.4855,0.34043,0.3255,0.15169,2.50398,1.9354,0.00178,0.00027037,0.00027037,0.00027037
739,911.467,2.11069,1.7652,0.00116,0.49365,0.34043,0.32736,0.14918,2.52457,1.98655,0.00178,0.00026938,0.00026938,0.00026938
740,912.6,2.48342,2.00261,0.00132,0.49365,0.34043,0.32736,0.14918,2.52457,1.98655,0.00178,0.00026839,0.00026839,0.00026839
741,913.64,2.22185,1.74738,0.00117,0.49365,0.34043,0.32736,0.14918,2.52457,1.98655,0.00178,0.0002674,0.0002674,0.0002674
742,914.679,2.22414,1.74319,0.00125,0.49365,0.34043,0.32736,0.14918,2.52457,1.98655,0.00178,0.00026641,0.00026641,0.00026641
743,915.724,2.80979,2.40339,0.00159,0.49365,0.34043,0.32736,0.14918,2.52457,1.98655,0.00178,0.00026542,0.00026542,0.00026542
744,916.842,2.46594,1.99965,0.00139,0.49365,0.34043,0.32736,0.14918,2.52457,1.98655,0.00178,0.00026443,0.00026443,0.00026443
745,918.12,2.63273,2.07531,0.00145,0.49365,0.34043,0.32736,0.14918,2.52457,1.98655,0.00178,0.00026344,0.00026344,0.00026344
746,919.26,2.38934,1.82049,0.00124,0.4706,0.34044,0.3246,0.1448,2.51944,1.96982,0.00175,0.00026245,0.00026245,0.00026245
747,920.434,2.19195,1.85927,0.0013,0.4706,0.34044,0.3246,0.1448,2.51944,1.96982,0.00175,0.00026146,0.00026146,0.00026146
748,921.541,2.21198,1.94525,0.00118,0.4706,0.34044,0.3246,0.1448,2.51944,1.96982,0.00175,0.00026047,0.00026047,0.00026047
749,922.686,2.19933,1.59194,0.00136,0.4706,0.34044,0.3246,0.1448,2.51944,1.96982,0.00175,0.00025948,0.00025948,0.00025948
750,923.979,2.52184,2.03096,0.00131,0.4706,0.34044,0.3246,0.1448,2.51944,1.96982,0.00175,0.00025849,0.00025849,0.00025849
751,925.137,2.33904,1.92395,0.00132,0.4706,0.34044,0.3246,0.1448,2.51944,1.96982,0.00175,0.0002575,0.0002575,0.0002575
752,926.351,1.95339,1.51027,0.00108,0.49101,0.35106,0.33255,0.1472,2.53984,1.96139,0.00177,0.00025651,0.00025651,0.00025651
753,927.46,2.57767,2.32753,0.00123,0.49101,0.35106,0.33255,0.1472,2.53984,1.96139,0.00177,0.00025552,0.00025552,0.00025552
754,928.591,1.96971,1.4442,0.00118,0.49101,0.35106,0.33255,0.1472,2.53984,1.96139,0.00177,0.00025453,0.00025453,0.00025453
755,929.836,2.27994,1.75037,0.00133,0.49101,0.35106,0.33255,0.1472,2.53984,1.96139,0.00177,0.00025354,0.00025354,0.00025354
756,930.937,2.05373,1.6423,0.00109,0.49101,0.35106,0.33255,0.1472,2.53984,1.96139,0.00177,0.00025255,0.00025255,0.00025255
757,932.051,2.43618,1.82516,0.00132,0.49101,0.35106,0.33255,0.1472,2.53984,1.96139,0.00177,0.00025156,0.00025156,0.00025156
758,933.23,2.38164,1.94185,0.00134,0.49101,0.35106,0.33255,0.1472,2.53984,1.96139,0.00177,0.00025057,0.00025057,0.00025057
759,934.485,2.0718,1.53195,0.00135,0.53222,0.35101,0.33467,0.1512,2.53403,1.94491,0.00178,0.00024958,0.00024958,0.00024958
760,935.875,2.56554,2.10554,0.00136,0.53222,0.35101,0.33467,0.1512,2.53403,1.94491,0.00178,0.00024859,0.00024859,0.00024859
761,937.085,2.04933,1.83985,0.00126,0.53222,0.35101,0.33467,0.1512,2.53403,1.94491,0.00178,0.0002476,0.0002476,0.0002476
762,938.298,2.54025,1.88466,0.00137,0.53222,0.35101,0.33467,0.1512,2.53403,1.94491,0.00178,0.00024661,0.00024661,0.00024661
763,939.507,2.69556,2.01946,0.00139,0.53222,0.35101,0.33467,0.1512,2.53403,1.94491,0.00178,0.00024562,0.00024562,0.00024562
764,940.737,2.13829,1.68265,0.00111,0.53222,0.35101,0.33467,0.1512,2.53403,1.94491,0.00178,0.00024463,0.00024463,0.00024463
765,942.136,1.84746,1.67495,0.00113,0.53667,0.34043,0.33523,0.14859,2.5488,1.95242,0.00178,0.00024364,0.00024364,0.00024364
766,943.248,2.2413,1.6722,0.00131,0.53667,0.34043,0.33523,0.14859,2.5488,1.95242,0.00178,0.00024265,0.00024265,0.00024265
767,944.359,2.43929,1.93331,0.0013,0.53667,0.34043,0.33523,0.14859,2.5488,1.95242,0.00178,0.00024166,0.00024166,0.00024166
768,945.539,2.30261,1.64862,0.00143,0.53667,0.34043,0.33523,0.14859,2.5488,1.95242,0.00178,0.00024067,0.00024067,0.00024067
769,946.689,2.37915,1.76559,0.00126,0.53667,0.34043,0.33523,0.14859,2.5488,1.95242,0.00178,0.00023968,0.00023968,0.00023968
770,947.989,2.51886,1.8961,0.00141,0.53667,0.34043,0.33523,0.14859,2.5488,1.95242,0.00178,0.00023869,0.00023869,0.00023869
771,949.184,2.50088,1.81566,0.00145,0.5195,0.34043,0.33291,0.14724,2.55084,1.93008,0.00176,0.0002377,0.0002377,0.0002377
772,950.285,2.91338,2.34511,0.00146,0.5195,0.34043,0.33291,0.14724,2.55084,1.93008,0.00176,0.00023671,0.00023671,0.00023671
773,951.442,1.96474,1.50379,0.00115,0.5195,0.34043,0.33291,0.14724,2.55084,1.93008,0.00176,0.00023572,0.00023572,0.00023572
774,952.617,2.40101,1.88163,0.0013,0.5195,0.34043,0.33291,0.14724,2.55084,1.93008,0.00176,0.00023473,0.00023473,0.00023473
775,953.736,1.97581,1.33162,0.00112,0.5195,0.34043,0.33291,0.14724,2.55084,1.93008,0.00176,0.00023374,0.00023374,0.00023374
776,955.029,2.52081,1.93984,0.00134,0.5195,0.34043,0.33291,0.14724,2.55084,1.93008,0.00176,0.00023275,0.00023275,0.00023275
777,956.139,2.06745,1.73887,0.00112,0.5195,0.34043,0.33291,0.14724,2.55084,1.93008,0.00176,0.00023176,0.00023176,0.00023176
778,957.302,2.40789,1.97974,0.00134,0.52054,0.34043,0.33342,0.15139,2.52938,1.97485,0.00177,0.00023077,0.00023077,0.00023077
779,958.489,2.19722,2.07716,0.00121,0.52054,0.34043,0.33342,0.15139,2.52938,1.97485,0.00177,0.00022978,0.00022978,0.00022978
780,959.63,2.23505,1.70593,0.00117,0.52054,0.34043,0.33342,0.15139,2.52938,1.97485,0.00177,0.00022879,0.00022879,0.00022879
781,960.931,1.95242,1.58962,0.00121,0.52054,0.34043,0.33342,0.15139,2.52938,1.97485,0.00177,0.0002278,0.0002278,0.0002278
782,962.058,2.42016,1.91719,0.00158,0.52054,0.34043,0.33342,0.15139,2.52938,1.97485,0.00177,0.00022681,0.00022681,0.00022681
783,963.194,2.09193,1.4266,0.0014,0.52054,0.34043,0.33342,0.15139,2.52938,1.97485,0.00177,0.00022582,0.00022582,0.00022582
784,964.351,2.26546,1.80968,0.00126,0.51857,0.35106,0.33272,0.15115,2.52794,1.95752,0.00177,0.00022483,0.00022483,0.00022483
785,965.524,2.63205,1.97759,0.00137,0.51857,0.35106,0.33272,0.15115,2.52794,1.95752,0.00177,0.00022384,0.00022384,0.00022384
786,966.887,2.81951,2.0386,0.00143,0.51857,0.35106,0.33272,0.15115,2.52794,1.95752,0.00177,0.00022285,0.00022285,0.00022285
787,968.082,2.25062,1.70011,0.00121,0.51857,0.35106,0.33272,0.15115,2.52794,1.95752,0.00177,0.00022186,0.00022186,0.00022186
788,969.262,2.7987,2.12882,0.0014,0.51857,0.35106,0.33272,0.15115,2.52794,1.95752,0.00177,0.00022087,0.00022087,0.00022087
789,970.519,3.11163,2.50098,0.00163,0.51857,0.35106,0.33272,0.15115,2.52794,1.95752,0.00177,0.00021988,0.00021988,0.00021988
790,971.696,2.63328,2.12385,0.00146,0.51857,0.35106,0.33272,0.15115,2.52794,1.95752,0.00177,0.00021889,0.00021889,0.00021889
791,973.103,2.33387,1.78956,0.00136,0.49621,0.34582,0.33055,0.14981,2.53417,1.94255,0.00177,0.0002179,0.0002179,0.0002179
792,974.271,2.50356,1.95221,0.00128,0.49621,0.34582,0.33055,0.14981,2.53417,1.94255,0.00177,0.00021691,0.00021691,0.00021691
793,975.383,2.88334,2.15143,0.00152,0.49621,0.34582,0.33055,0.14981,2.53417,1.94255,0.00177,0.00021592,0.00021592,0.00021592
794,976.547,2.50873,1.96659,0.00119,0.49621,0.34582,0.33055,0.14981,2.53417,1.94255,0.00177,0.00021493,0.00021493,0.00021493
795,977.705,2.61246,1.90887,0.00132,0.49621,0.34582,0.33055,0.14981,2.53417,1.94255,0.00177,0.00021394,0.00021394,0.00021394
796,978.973,2.31244,1.96654,0.00132,0.49621,0.34582,0.33055,0.14981,2.53417,1.94255,0.00177,0.00021295,0.00021295,0.00021295
797,980.135,2.41213,2.00664,0.00137,0.51943,0.35106,0.33003,0.14841,2.51808,1.92175,0.00176,0.00021196,0.00021196,0.00021196
798,981.273,2.00151,1.22137,0.00125,0.51943,0.35106,0.33003,0.14841,2.51808,1.92175,0.00176,0.00021097,0.00021097,0.00021097
799,982.39,2.43017,1.86028,0.00143,0.51943,0.35106,0.33003,0.14841,2.51808,1.92175,0.00176,0.00020998,0.00020998,0.00020998
800,983.526,2.42348,1.88544,0.00119,0.51943,0.35106,0.33003,0.14841,2.51808,1.92175,0.00176,0.00020899,0.00020899,0.00020899
801,984.782,2.26317,1.89317,0.00124,0.51943,0.35106,0.33003,0.14841,2.51808,1.92175,0.00176,0.000208,0.000208,0.000208
802,985.954,2.03765,1.93664,0.0013,0.51943,0.35106,0.33003,0.14841,2.51808,1.92175,0.00176,0.00020701,0.00020701,0.00020701
803,987.113,2.83827,2.29199,0.00131,0.51732,0.32979,0.33326,0.14637,2.52178,1.91806,0.00176,0.00020602,0.00020602,0.00020602
804,988.236,2.48109,1.76447,0.00131,0.51732,0.32979,0.33326,0.14637,2.52178,1.91806,0.00176,0.00020503,0.00020503,0.00020503
805,989.355,2.36985,1.80566,0.00119,0.51732,0.32979,0.33326,0.14637,2.52178,1.91806,0.00176,0.00020404,0.00020404,0.00020404
806,990.633,2.23203,1.68702,0.0013,0.51732,0.32979,0.33326,0.14637,2.52178,1.91806,0.00176,0.00020305,0.00020305,0.00020305
807,991.743,2.55046,2.01048,0.00131,0.51732,0.32979,0.33326,0.14637,2.52178,1.91806,0.00176,0.00020206,0.00020206,0.00020206
808,992.892,2.55948,1.77828,0.00128,0.51732,0.32979,0.33326,0.14637,2.52178,1.91806,0.00176,0.00020107,0.00020107,0.00020107
809,994.002,2.96314,2.22953,0.0014,0.51732,0.32979,0.33326,0.14637,2.52178,1.91806,0.00176,0.00020008,0.00020008,0.00020008
810,995.147,2.60379,2.02513,0.00131,0.51799,0.33156,0.33209,0.14924,2.50377,1.91446,0.00175,0.00019909,0.00019909,0.00019909
811,996.26,2.54024,1.9999,0.00141,0.51799,0.33156,0.33209,0.14924,2.50377,1.91446,0.00175,0.0001981,0.0001981,0.0001981
812,997.486,2.00019,1.8931,0.00108,0.51799,0.33156,0.33209,0.14924,2.50377,1.91446,0.00175,0.00019711,0.00019711,0.00019711
813,998.598,2.23603,1.76571,0.00116,0.51799,0.33156,0.33209,0.14924,2.50377,1.91446,0.00175,0.00019612,0.00019612,0.00019612
814,999.764,2.36579,1.67271,0.00148,0.51799,0.33156,0.33209,0.14924,2.50377,1.91446,0.00175,0.00019513,0.00019513,0.00019513
815,1000.9,2.42362,2.09348,0.00139,0.51799,0.33156,0.33209,0.14924,2.50377,1.91446,0.00175,0.00019414,0.00019414,0.00019414
816,1002.08,1.95629,1.48602,0.00125,0.52879,0.33432,0.33228,0.14713,2.52602,1.96258,0.00176,0.00019315,0.00019315,0.00019315
817,1003.35,2.46207,1.79266,0.00129,0.52879,0.33432,0.33228,0.14713,2.52602,1.96258,0.00176,0.00019216,0.00019216,0.00019216
818,1004.51,2.58836,1.76465,0.0015,0.52879,0.33432,0.33228,0.14713,2.52602,1.96258,0.00176,0.00019117,0.00019117,0.00019117
819,1005.67,2.75956,2.07717,0.00155,0.52879,0.33432,0.33228,0.14713,2.52602,1.96258,0.00176,0.00019018,0.00019018,0.00019018
820,1006.87,2.72195,2.2227,0.0016,0.52879,0.33432,0.33228,0.14713,2.52602,1.96258,0.00176,0.00018919,0.00018919,0.00018919
821,1008.01,2.15758,1.59894,0.00127,0.52879,0.33432,0.33228,0.14713,2.52602,1.96258,0.00176,0.0001882,0.0001882,0.0001882
822,1009.31,2.53885,1.80181,0.00132,0.52879,0.33432,0.33228,0.14713,2.52602,1.96258,0.00176,0.00018721,0.00018721,0.00018721
823,1010.5,2.14211,1.80937,0.00117,0.54789,0.35106,0.33185,0.14951,2.5174,1.91969,0.00175,0.00018622,0.00018622,0.00018622
824,1011.66,2.71611,2.13065,0.00135,0.54789,0.35106,0.33185,0.14951,2.5174,1.91969,0.00175,0.00018523,0.00018523,0.00018523
825,1012.77,2.14976,1.75501,0.00114,0.54789,0.35106,0.33185,0.14951,2.5174,1.91969,0.00175,0.00018424,0.00018424,0.00018424
826,1013.96,2.5223,1.91514,0.00136,0.54789,0.35106,0.33185,0.14951,2.5174,1.91969,0.00175,0.00018325,0.00018325,0.00018325
827,1015.22,2.36317,2.13609,0.00139,0.54789,0.35106,0.33185,0.14951,2.5174,1.91969,0.00175,0.00018226,0.00018226,0.00018226
828,1016.35,2.69863,2.07221,0.00151,0.54789,0.35106,0.33185,0.14951,2.5174,1.91969,0.00175,0.00018127,0.00018127,0.00018127
829,1017.5,1.83127,1.49049,0.00106,0.5124,0.35106,0.33412,0.15098,2.50686,1.93057,0.00176,0.00018028,0.00018028,0.00018028
830,1018.62,2.29203,1.72115,0.00131,0.5124,0.35106,0.33412,0.15098,2.50686,1.93057,0.00176,0.00017929,0.00017929,0.00017929
831,1019.73,2.55808,1.97399,0.00142,0.5124,0.35106,0.33412,0.15098,2.50686,1.93057,0.00176,0.0001783,0.0001783,0.0001783
832,1021.01,2.6852,2.18235,0.00144,0.5124,0.35106,0.33412,0.15098,2.50686,1.93057,0.00176,0.00017731,0.00017731,0.00017731
833,1022.15,2.17447,1.55229,0.00142,0.5124,0.35106,0.33412,0.15098,2.50686,1.93057,0.00176,0.00017632,0.00017632,0.00017632
834,1023.28,2.47791,1.86487,0.00126,0.5124,0.35106,0.33412,0.15098,2.50686,1.93057,0.00176,0.00017533,0.00017533,0.00017533
835,1024.45,2.01977,1.87164,0.00122,0.49596,0.35106,0.33172,0.1518,2.50928,1.90825,0.00177,0.00017434,0.00017434,0.00017434
836,1025.66,2.33429,1.9832,0.00133,0.49596,0.35106,0.33172,0.1518,2.50928,1.90825,0.00177,0.00017335,0.00017335,0.00017335
837,1026.99,2.30834,1.54598,0.00132,0.49596,0.35106,0.33172,0.1518,2.50928,1.90825,0.00177,0.00017236,0.00017236,0.00017236
838,1028.21,1.98879,1.84143,0.00128,0.49596,0.35106,0.33172,0.1518,2.50928,1.90825,0.00177,0.00017137,0.00017137,0.00017137
839,1029.39,2.27113,1.71315,0.0014,0.49596,0.35106,0.33172,0.1518,2.50928,1.90825,0.00177,0.00017038,0.00017038,0.00017038
840,1030.61,2.26491,1.97296,0.00134,0.49596,0.35106,0.33172,0.1518,2.50928,1.90825,0.00177,0.00016939,0.00016939,0.00016939
841,1031.82,2.44517,2.08226,0.00134,0.49596,0.35106,0.33172,0.1518,2.50928,1.90825,0.00177,0.0001684,0.0001684,0.0001684
842,1033.03,2.05889,1.64827,0.00142,0.51684,0.35106,0.32913,0.1512,2.51814,1.89895,0.00177,0.00016741,0.00016741,0.00016741
843,1034.3,2.18078,1.61473,0.00135,0.51684,0.35106,0.32913,0.1512,2.51814,1.89895,0.00177,0.00016642,0.00016642,0.00016642
844,1035.4,3.00444,1.99074,0.00139,0.51684,0.35106,0.32913,0.1512,2.51814,1.89895,0.00177,0.00016543,0.00016543,0.00016543
845,1036.55,2.5042,1.89322,0.00131,0.51684,0.35106,0.32913,0.1512,2.51814,1.89895,0.00177,0.00016444,0.00016444,0.00016444
846,1037.65,2.01907,1.65127,0.00127,0.51684,0.35106,0.32913,0.1512,2.51814,1.89895,0.00177,0.00016345,0.00016345,0.00016345
847,1038.75,2.19898,1.84082,0.00147,0.51684,0.35106,0.32913,0.1512,2.51814,1.89895,0.00177,0.00016246,0.00016246,0.00016246
848,1040.09,2.63913,2.24307,0.00138,0.49244,0.35106,0.33148,0.1545,2.49885,1.9046,0.00177,0.00016147,0.00016147,0.00016147
849,1041.27,2.51865,2.04934,0.00135,0.49244,0.35106,0.33148,0.1545,2.49885,1.9046,0.00177,0.00016048,0.00016048,0.00016048
850,1042.44,1.97718,1.59326,0.00126,0.49244,0.35106,0.33148,0.1545,2.49885,1.9046,0.00177,0.00015949,0.00015949,0.00015949
851,1043.61,2.07373,1.71257,0.00113,0.49244,0.35106,0.33148,0.1545,2.49885,1.9046,0.00177,0.0001585,0.0001585,0.0001585
852,1044.79,1.97132,1.48641,0.00113,0.49244,0.35106,0.33148,0.1545,2.49885,1.9046,0.00177,0.00015751,0.00015751,0.00015751
853,1046.12,2.08693,1.84218,0.00121,0.49244,0.35106,0.33148,0.1545,2.49885,1.9046,0.00177,0.00015652,0.00015652,0.00015652
854,1047.29,1.94512,1.69363,0.00111,0.49244,0.35106,0.33148,0.1545,2.49885,1.9046,0.00177,0.00015553,0.00015553,0.00015553
855,1048.5,2.36542,1.54635,0.00126,0.51584,0.35106,0.33406,0.1528,2.51145,1.90726,0.00176,0.00015454,0.00015454,0.00015454
856,1049.66,2.37406,1.67134,0.0013,0.51584,0.35106,0.33406,0.1528,2.51145,1.90726,0.00176,0.00015355,0.00015355,0.00015355
857,1050.78,2.58026,1.68872,0.00146,0.51584,0.35106,0.33406,0.1528,2.51145,1.90726,0.00176,0.00015256,0.00015256,0.00015256
858,1052.04,2.6072,1.94987,0.00139,0.51584,0.35106,0.33406,0.1528,2.51145,1.90726,0.00176,0.00015157,0.00015157,0.00015157
859,1053.16,2.20692,1.76119,0.0011,0.51584,0.35106,0.33406,0.1528,2.51145,1.90726,0.00176,0.00015058,0.00015058,0.00015058
860,1054.26,2.65617,2.07899,0.00138,0.51584,0.35106,0.33406,0.1528,2.51145,1.90726,0.00176,0.00014959,0.00014959,0.00014959
861,1055.42,2.12604,1.52435,0.00119,0.51761,0.35106,0.33273,0.15314,2.49935,1.92167,0.00175,0.0001486,0.0001486,0.0001486
862,1056.53,2.28656,1.53775,0.00134,0.51761,0.35106,0.33273,0.15314,2.49935,1.92167,0.00175,0.00014761,0.00014761,0.00014761
863,1057.78,1.92908,1.6656,0.00108,0.51761,0.35106,0.33273,0.15314,2.49935,1.92167,0.00175,0.00014662,0.00014662,0.00014662
864,1058.91,2.66839,1.89175,0.00147,0.51761,0.35106,0.33273,0.15314,2.49935,1.92167,0.00175,0.00014563,0.00014563,0.00014563
865,1060.02,2.42698,1.97855,0.0012,0.51761,0.35106,0.33273,0.15314,2.49935,1.92167,0.00175,0.00014464,0.00014464,0.00014464
866,1061.13,2.58516,2.02467,0.00127,0.51761,0.35106,0.33273,0.15314,2.49935,1.92167,0.00175,0.00014365,0.00014365,0.00014365
867,1062.32,2.38891,1.80701,0.00128,0.50542,0.35106,0.3314,0.15595,2.48276,1.92045,0.00175,0.00014266,0.00014266,0.00014266
868,1063.69,2.44234,2.02512,0.00127,0.50542,0.35106,0.3314,0.15595,2.48276,1.92045,0.00175,0.00014167,0.00014167,0.00014167
869,1064.87,2.27178,1.49526,0.00112,0.50542,0.35106,0.3314,0.15595,2.48276,1.92045,0.00175,0.00014068,0.00014068,0.00014068
870,1066.04,2.05598,1.61466,0.00115,0.50542,0.35106,0.3314,0.15595,2.48276,1.92045,0.00175,0.00013969,0.00013969,0.00013969
871,1067.24,2.23249,1.86353,0.00125,0.50542,0.35106,0.3314,0.15595,2.48276,1.92045,0.00175,0.0001387,0.0001387,0.0001387
872,1068.44,2.14053,1.76625,0.00135,0.50542,0.35106,0.3314,0.15595,2.48276,1.92045,0.00175,0.00013771,0.00013771,0.00013771
873,1069.62,2.14186,1.58235,0.00121,0.50542,0.35106,0.3314,0.15595,2.48276,1.92045,0.00175,0.00013672,0.00013672,0.00013672
874,1070.97,2.26366,1.64226,0.00117,0.51659,0.35106,0.33465,0.15828,2.4821,1.89054,0.00177,0.00013573,0.00013573,0.00013573
875,1072.15,2.21582,1.72356,0.0012,0.51659,0.35106,0.33465,0.15828,2.4821,1.89054,0.00177,0.00013474,0.00013474,0.00013474
876,1073.34,2.12036,1.64118,0.00131,0.51659,0.35106,0.33465,0.15828,2.4821,1.89054,0.00177,0.00013375,0.00013375,0.00013375
877,1074.54,2.87727,2.11014,0.00149,0.51659,0.35106,0.33465,0.15828,2.4821,1.89054,0.00177,0.00013276,0.00013276,0.00013276
878,1075.74,2.27211,1.64105,0.0014,0.51659,0.35106,0.33465,0.15828,2.4821,1.89054,0.00177,0.00013177,0.00013177,0.00013177
879,1077.1,2.67451,1.9177,0.00127,0.51659,0.35106,0.33465,0.15828,2.4821,1.89054,0.00177,0.00013078,0.00013078,0.00013078
880,1078.32,2.92158,2.28076,0.0015,0.50198,0.35106,0.33421,0.15598,2.49955,1.90813,0.00176,0.00012979,0.00012979,0.00012979
881,1079.49,2.29908,1.76418,0.00133,0.50198,0.35106,0.33421,0.15598,2.49955,1.90813,0.00176,0.0001288,0.0001288,0.0001288
882,1080.66,2.11946,1.60591,0.00114,0.50198,0.35106,0.33421,0.15598,2.49955,1.90813,0.00176,0.00012781,0.00012781,0.00012781
883,1081.83,2.26422,1.75287,0.00132,0.50198,0.35106,0.33421,0.15598,2.49955,1.90813,0.00176,0.00012682,0.00012682,0.00012682
884,1083.15,2.81469,2.27338,0.00136,0.50198,0.35106,0.33421,0.15598,2.49955,1.90813,0.00176,0.00012583,0.00012583,0.00012583
885,1084.36,2.26677,1.76731,0.00132,0.50198,0.35106,0.33421,0.15598,2.49955,1.90813,0.00176,0.00012484,0.00012484,0.00012484
886,1085.56,2.69547,2.15723,0.00133,0.50198,0.35106,0.33421,0.15598,2.49955,1.90813,0.00176,0.00012385,0.00012385,0.00012385
887,1086.74,1.99611,1.59424,0.00116,0.50627,0.36,0.33278,0.15575,2.49482,1.90647,0.00177,0.00012286,0.00012286,0.00012286
888,1087.92,3.00314,2.34252,0.00153,0.50627,0.36,0.33278,0.15575,2.49482,1.90647,0.00177,0.00012187,0.00012187,0.00012187
889,1089.11,2.62729,2.04865,0.00136,0.50627,0.36,0.33278,0.15575,2.49482,1.90647,0.00177,0.00012088,0.00012088,0.00012088
890,1090.43,2.31838,1.62097,0.00133,0.50627,0.36,0.33278,0.15575,2.49482,1.90647,0.00177,0.00011989,0.00011989,0.00011989
891,1091.64,1.87059,1.63975,0.0011,0.50627,0.36,0.33278,0.15575,2.49482,1.90647,0.00177,0.0001189,0.0001189,0.0001189
892,1092.84,2.43263,1.90081,0.00136,0.50627,0.36,0.33278,0.15575,2.49482,1.90647,0.00177,0.00011791,0.00011791,0.00011791
893,1094.07,3.00799,2.37218,0.00152,0.53063,0.34043,0.33037,0.15431,2.49498,1.8965,0.00176,0.00011692,0.00011692,0.00011692
894,1095.18,2.55615,1.92826,0.00133,0.53063,0.34043,0.33037,0.15431,2.49498,1.8965,0.00176,0.00011593,0.00011593,0.00011593
895,1096.47,2.05492,1.56827,0.00108,0.53063,0.34043,0.33037,0.15431,2.49498,1.8965,0.00176,0.00011494,0.00011494,0.00011494
896,1097.58,2.1035,1.50011,0.00121,0.53063,0.34043,0.33037,0.15431,2.49498,1.8965,0.00176,0.00011395,0.00011395,0.00011395
897,1098.72,2.12966,1.71975,0.00131,0.53063,0.34043,0.33037,0.15431,2.49498,1.8965,0.00176,0.00011296,0.00011296,0.00011296
898,1099.84,2.25831,1.63136,0.0013,0.53063,0.34043,0.33037,0.15431,2.49498,1.8965,0.00176,0.00011197,0.00011197,0.00011197
899,1100.99,2.16417,1.7905,0.00116,0.53457,0.35106,0.33318,0.15417,2.50106,1.89154,0.00176,0.00011098,0.00011098,0.00011098
900,1102.26,2.33672,1.8944,0.00135,0.53457,0.35106,0.33318,0.15417,2.50106,1.89154,0.00176,0.00010999,0.00010999,0.00010999
901,1103.43,2.63614,1.76017,0.00141,0.53457,0.35106,0.33318,0.15417,2.50106,1.89154,0.00176,0.000109,0.000109,0.000109
902,1104.63,2.36961,1.88018,0.00121,0.53457,0.35106,0.33318,0.15417,2.50106,1.89154,0.00176,0.00010801,0.00010801,0.00010801
903,1105.78,2.46389,1.83394,0.00129,0.53457,0.35106,0.33318,0.15417,2.50106,1.89154,0.00176,0.00010702,0.00010702,0.00010702
904,1106.91,2.53576,2.02731,0.0013,0.53457,0.35106,0.33318,0.15417,2.50106,1.89154,0.00176,0.00010603,0.00010603,0.00010603
905,1108.21,2.47005,1.6676,0.00128,0.53457,0.35106,0.33318,0.15417,2.50106,1.89154,0.00176,0.00010504,0.00010504,0.00010504
906,1109.37,2.11244,1.74025,0.00116,0.55797,0.35106,0.33452,0.15525,2.49188,1.90104,0.00175,0.00010405,0.00010405,0.00010405
907,1110.49,2.5676,2.16785,0.00136,0.55797,0.35106,0.33452,0.15525,2.49188,1.90104,0.00175,0.00010306,0.00010306,0.00010306
908,1111.61,2.41932,1.4689,0.00129,0.55797,0.35106,0.33452,0.15525,2.49188,1.90104,0.00175,0.00010207,0.00010207,0.00010207
909,1112.77,2.15672,1.73919,0.00111,0.55797,0.35106,0.33452,0.15525,2.49188,1.90104,0.00175,0.00010108,0.00010108,0.00010108
910,1114.05,2.1752,1.76261,0.00124,0.55797,0.35106,0.33452,0.15525,2.49188,1.90104,0.00175,0.00010009,0.00010009,0.00010009
911,1115.2,2.40024,1.79898,0.00136,0.55797,0.35106,0.33452,0.15525,2.49188,1.90104,0.00175,9.91e-05,9.91e-05,9.91e-05
912,1116.37,2.48801,1.77658,0.00146,0.56886,0.34043,0.33797,0.15777,2.47149,1.9257,0.00175,9.811e-05,9.811e-05,9.811e-05
913,1117.49,2.005,1.78719,0.00114,0.56886,0.34043,0.33797,0.15777,2.47149,1.9257,0.00175,9.712e-05,9.712e-05,9.712e-05
914,1118.61,2.15265,1.58078,0.00119,0.56886,0.34043,0.33797,0.15777,2.47149,1.9257,0.00175,9.613e-05,9.613e-05,9.613e-05
915,1119.87,2.1728,1.7162,0.00115,0.56886,0.34043,0.33797,0.15777,2.47149,1.9257,0.00175,9.514e-05,9.514e-05,9.514e-05
916,1121.04,2.16578,1.7884,0.00131,0.56886,0.34043,0.33797,0.15777,2.47149,1.9257,0.00175,9.415e-05,9.415e-05,9.415e-05
917,1122.22,2.80864,2.00528,0.00141,0.56886,0.34043,0.33797,0.15777,2.47149,1.9257,0.00175,9.316e-05,9.316e-05,9.316e-05
918,1123.37,2.03,1.53633,0.00114,0.56886,0.34043,0.33797,0.15777,2.47149,1.9257,0.00175,9.217e-05,9.217e-05,9.217e-05
919,1124.54,2.56052,2.06141,0.00154,0.54901,0.35106,0.33613,0.15759,2.48706,1.89292,0.00175,9.118e-05,9.118e-05,9.118e-05
920,1125.88,2.37348,1.96777,0.00122,0.54901,0.35106,0.33613,0.15759,2.48706,1.89292,0.00175,9.019e-05,9.019e-05,9.019e-05
921,1127.03,2.47492,1.82832,0.00153,0.54901,0.35106,0.33613,0.15759,2.48706,1.89292,0.00175,8.92e-05,8.92e-05,8.92e-05
922,1128.14,2.3032,1.74542,0.0013,0.54901,0.35106,0.33613,0.15759,2.48706,1.89292,0.00175,8.821e-05,8.821e-05,8.821e-05
923,1129.3,2.84292,2.101,0.00141,0.54901,0.35106,0.33613,0.15759,2.48706,1.89292,0.00175,8.722e-05,8.722e-05,8.722e-05
924,1130.44,2.39216,1.83664,0.00125,0.54901,0.35106,0.33613,0.15759,2.48706,1.89292,0.00175,8.623e-05,8.623e-05,8.623e-05
925,1131.63,2.24234,1.78952,0.0013,0.56239,0.35106,0.33454,0.15666,2.50013,1.88178,0.00177,8.524e-05,8.524e-05,8.524e-05
926,1132.97,2.60215,1.89965,0.00134,0.56239,0.35106,0.33454,0.15666,2.50013,1.88178,0.00177,8.425e-05,8.425e-05,8.425e-05
927,1134.12,2.79674,2.26763,0.00143,0.56239,0.35106,0.33454,0.15666,2.50013,1.88178,0.00177,8.326e-05,8.326e-05,8.326e-05
928,1135.25,2.22192,1.95209,0.00114,0.56239,0.35106,0.33454,0.15666,2.50013,1.88178,0.00177,8.227e-05,8.227e-05,8.227e-05
929,1136.43,2.16782,1.53322,0.00118,0.56239,0.35106,0.33454,0.15666,2.50013,1.88178,0.00177,8.128e-05,8.128e-05,8.128e-05
930,1137.6,2.18705,1.86946,0.00128,0.56239,0.35106,0.33454,0.15666,2.50013,1.88178,0.00177,8.029e-05,8.029e-05,8.029e-05
931,1138.96,2.35916,1.56745,0.00122,0.55689,0.36101,0.33592,0.15437,2.5055,1.89648,0.00176,7.93e-05,7.93e-05,7.93e-05
932,1140.22,2.62873,2.01507,0.0013,0.55689,0.36101,0.33592,0.15437,2.5055,1.89648,0.00176,7.831e-05,7.831e-05,7.831e-05
933,1141.39,2.36011,1.85916,0.00127,0.55689,0.36101,0.33592,0.15437,2.5055,1.89648,0.00176,7.732e-05,7.732e-05,7.732e-05
934,1142.64,2.32797,1.57681,0.00134,0.55689,0.36101,0.33592,0.15437,2.5055,1.89648,0.00176,7.633e-05,7.633e-05,7.633e-05
935,1143.84,1.9857,1.57106,0.00129,0.55689,0.36101,0.33592,0.15437,2.5055,1.89648,0.00176,7.534e-05,7.534e-05,7.534e-05
936,1145.21,2.2283,1.58492,0.00124,0.55689,0.36101,0.33592,0.15437,2.5055,1.89648,0.00176,7.435e-05,7.435e-05,7.435e-05
937,1146.42,2.46033,2.00968,0.00121,0.55689,0.36101,0.33592,0.15437,2.5055,1.89648,0.00176,7.336e-05,7.336e-05,7.336e-05
938,1147.64,2.70856,1.98598,0.00145,0.54879,0.35106,0.33389,0.15417,2.47787,1.90584,0.00173,7.237e-05,7.237e-05,7.237e-05
939,1148.76,2.74888,2.02221,0.00143,0.54879,0.35106,0.33389,0.15417,2.47787,1.90584,0.00173,7.138e-05,7.138e-05,7.138e-05
940,1149.92,2.37354,1.76349,0.00148,0.54879,0.35106,0.33389,0.15417,2.47787,1.90584,0.00173,7.039e-05,7.039e-05,7.039e-05
941,1151.23,2.86656,2.12151,0.00136,0.54879,0.35106,0.33389,0.15417,2.47787,1.90584,0.00173,6.94e-05,6.94e-05,6.94e-05
942,1152.36,2.59213,1.97482,0.00142,0.54879,0.35106,0.33389,0.15417,2.47787,1.90584,0.00173,6.841e-05,6.841e-05,6.841e-05
943,1153.47,2.43682,2.18648,0.00121,0.54879,0.35106,0.33389,0.15417,2.47787,1.90584,0.00173,6.742e-05,6.742e-05,6.742e-05
944,1154.67,2.12742,1.75672,0.00131,0.5392,0.34043,0.34165,0.15717,2.48139,1.90094,0.00174,6.643e-05,6.643e-05,6.643e-05
945,1155.8,2.70176,2.15727,0.00135,0.5392,0.34043,0.34165,0.15717,2.48139,1.90094,0.00174,6.544e-05,6.544e-05,6.544e-05
946,1157.07,2.55528,1.81221,0.00129,0.5392,0.34043,0.34165,0.15717,2.48139,1.90094,0.00174,6.445e-05,6.445e-05,6.445e-05
947,1158.19,2.63861,1.90469,0.00156,0.5392,0.34043,0.34165,0.15717,2.48139,1.90094,0.00174,6.346e-05,6.346e-05,6.346e-05
948,1159.31,2.32595,1.8975,0.00142,0.5392,0.34043,0.34165,0.15717,2.48139,1.90094,0.00174,6.247e-05,6.247e-05,6.247e-05
949,1160.42,2.18532,2.01175,0.00115,0.5392,0.34043,0.34165,0.15717,2.48139,1.90094,0.00174,6.148e-05,6.148e-05,6.148e-05
950,1161.57,2.12945,1.67516,0.00137,0.5392,0.34043,0.34165,0.15717,2.48139,1.90094,0.00174,6.049e-05,6.049e-05,6.049e-05
951,1162.73,2.51382,1.92983,0.0014,0.53475,0.35106,0.33868,0.16076,2.47716,1.91097,0.00175,5.95e-05,5.95e-05,5.95e-05
952,1164.09,2.16091,1.91312,0.00114,0.53475,0.35106,0.33868,0.16076,2.47716,1.91097,0.00175,5.851e-05,5.851e-05,5.851e-05
953,1165.21,2.32062,1.76555,0.0013,0.53475,0.35106,0.33868,0.16076,2.47716,1.91097,0.00175,5.752e-05,5.752e-05,5.752e-05
954,1166.34,3.00309,2.37343,0.00147,0.53475,0.35106,0.33868,0.16076,2.47716,1.91097,0.00175,5.653e-05,5.653e-05,5.653e-05
955,1167.48,2.19951,1.53871,0.00136,0.53475,0.35106,0.33868,0.16076,2.47716,1.91097,0.00175,5.554e-05,5.554e-05,5.554e-05
956,1168.64,2.37127,1.95072,0.00125,0.53475,0.35106,0.33868,0.16076,2.47716,1.91097,0.00175,5.455e-05,5.455e-05,5.455e-05
957,1169.93,2.06427,1.58262,0.00116,0.5515,0.3617,0.34045,0.16072,2.47539,1.9045,0.00175,5.356e-05,5.356e-05,5.356e-05
958,1171.11,2.1769,1.6592,0.00117,0.5515,0.3617,0.34045,0.16072,2.47539,1.9045,0.00175,5.257e-05,5.257e-05,5.257e-05
959,1172.33,2.59262,1.91961,0.00141,0.5515,0.3617,0.34045,0.16072,2.47539,1.9045,0.00175,5.158e-05,5.158e-05,5.158e-05
960,1173.54,2.41697,2.09033,0.00135,0.5515,0.3617,0.34045,0.16072,2.47539,1.9045,0.00175,5.059e-05,5.059e-05,5.059e-05
961,1174.73,2.4851,2.12263,0.00133,0.5515,0.3617,0.34045,0.16072,2.47539,1.9045,0.00175,4.96e-05,4.96e-05,4.96e-05
962,1175.92,2.33388,1.66278,0.00124,0.5515,0.3617,0.34045,0.16072,2.47539,1.9045,0.00175,4.861e-05,4.861e-05,4.861e-05
963,1177.33,2.42086,1.85458,0.00139,0.53873,0.3617,0.34073,0.15841,2.46662,1.88594,0.00175,4.762e-05,4.762e-05,4.762e-05
964,1178.47,2.58099,1.98834,0.00135,0.53873,0.3617,0.34073,0.15841,2.46662,1.88594,0.00175,4.663e-05,4.663e-05,4.663e-05
965,1179.64,2.66492,1.94808,0.00139,0.53873,0.3617,0.34073,0.15841,2.46662,1.88594,0.00175,4.564e-05,4.564e-05,4.564e-05
966,1180.8,3.08907,2.33388,0.0013,0.53873,0.3617,0.34073,0.15841,2.46662,1.88594,0.00175,4.465e-05,4.465e-05,4.465e-05
967,1181.92,2.21225,1.61397,0.00115,0.53873,0.3617,0.34073,0.15841,2.46662,1.88594,0.00175,4.366e-05,4.366e-05,4.366e-05
968,1183.21,2.0926,1.48587,0.0013,0.53873,0.3617,0.34073,0.15841,2.46662,1.88594,0.00175,4.267e-05,4.267e-05,4.267e-05
969,1184.32,2.10234,1.92494,0.00129,0.53873,0.3617,0.34073,0.15841,2.46662,1.88594,0.00175,4.168e-05,4.168e-05,4.168e-05
970,1185.52,2.24221,1.89186,0.00111,0.52427,0.3617,0.33768,0.15544,2.5091,1.88807,0.00176,4.069e-05,4.069e-05,4.069e-05
971,1186.67,2.29887,1.64117,0.00117,0.52427,0.3617,0.33768,0.15544,2.5091,1.88807,0.00176,3.97e-05,3.97e-05,3.97e-05
972,1187.84,2.00397,1.40437,0.001,0.52427,0.3617,0.33768,0.15544,2.5091,1.88807,0.00176,3.871e-05,3.871e-05,3.871e-05
973,1189.16,2.5412,1.86311,0.00138,0.52427,0.3617,0.33768,0.15544,2.5091,1.88807,0.00176,3.772e-05,3.772e-05,3.772e-05
974,1190.33,2.24893,1.63829,0.00125,0.52427,0.3617,0.33768,0.15544,2.5091,1.88807,0.00176,3.673e-05,3.673e-05,3.673e-05
975,1191.48,2.87198,2.18826,0.00143,0.52427,0.3617,0.33768,0.15544,2.5091,1.88807,0.00176,3.574e-05,3.574e-05,3.574e-05
976,1192.69,2.34113,1.81145,0.00139,0.51703,0.35307,0.33922,0.15761,2.50078,1.888,0.00176,3.475e-05,3.475e-05,3.475e-05
977,1193.81,2.52335,2.02997,0.00128,0.51703,0.35307,0.33922,0.15761,2.50078,1.888,0.00176,3.376e-05,3.376e-05,3.376e-05
978,1195.09,1.93139,1.72119,0.00106,0.51703,0.35307,0.33922,0.15761,2.50078,1.888,0.00176,3.277e-05,3.277e-05,3.277e-05
979,1196.26,2.11682,1.79678,0.00121,0.51703,0.35307,0.33922,0.15761,2.50078,1.888,0.00176,3.178e-05,3.178e-05,3.178e-05
980,1197.38,2.46857,1.925,0.00121,0.51703,0.35307,0.33922,0.15761,2.50078,1.888,0.00176,3.079e-05,3.079e-05,3.079e-05
981,1198.51,2.28812,1.55614,0.00126,0.51703,0.35307,0.33922,0.15761,2.50078,1.888,0.00176,2.98e-05,2.98e-05,2.98e-05
982,1199.66,2.09524,1.89564,0.00107,0.51703,0.35307,0.33922,0.15761,2.50078,1.888,0.00176,2.881e-05,2.881e-05,2.881e-05
983,1200.83,2.6068,1.8297,0.00137,0.5206,0.3617,0.33585,0.15576,2.50193,1.89209,0.00176,2.782e-05,2.782e-05,2.782e-05
984,1202.09,2.41537,1.74465,0.00127,0.5206,0.3617,0.33585,0.15576,2.50193,1.89209,0.00176,2.683e-05,2.683e-05,2.683e-05
985,1203.26,2.59606,1.90228,0.00143,0.5206,0.3617,0.33585,0.15576,2.50193,1.89209,0.00176,2.584e-05,2.584e-05,2.584e-05
986,1204.42,2.68863,2.30982,0.00144,0.5206,0.3617,0.33585,0.15576,2.50193,1.89209,0.00176,2.485e-05,2.485e-05,2.485e-05
987,1205.56,2.28463,1.78299,0.00108,0.5206,0.3617,0.33585,0.15576,2.50193,1.89209,0.00176,2.386e-05,2.386e-05,2.386e-05
988,1206.7,2.30753,1.70082,0.00134,0.5206,0.3617,0.33585,0.15576,2.50193,1.89209,0.00176,2.287e-05,2.287e-05,2.287e-05
989,1208,2.30339,1.63056,0.00123,0.5334,0.34043,0.33827,0.155,2.5032,1.90094,0.00175,2.188e-05,2.188e-05,2.188e-05
990,1209.16,2.81455,2.09301,0.00138,0.5334,0.34043,0.33827,0.155,2.5032,1.90094,0.00175,2.089e-05,2.089e-05,2.089e-05
991,1211.6,2.97518,2.58153,0.00145,0.5334,0.34043,0.33827,0.155,2.5032,1.90094,0.00175,1.99e-05,1.99e-05,1.99e-05
992,1212.84,2.35352,1.79386,0.00134,0.5334,0.34043,0.33827,0.155,2.5032,1.90094,0.00175,1.891e-05,1.891e-05,1.891e-05
993,1213.91,2.22023,1.7413,0.00135,0.5334,0.34043,0.33827,0.155,2.5032,1.90094,0.00175,1.792e-05,1.792e-05,1.792e-05
994,1215.32,2.27271,1.93808,0.0013,0.5334,0.34043,0.33827,0.155,2.5032,1.90094,0.00175,1.693e-05,1.693e-05,1.693e-05
995,1216.48,2.39788,1.91906,0.00151,0.54216,0.3617,0.3414,0.15747,2.50793,1.89636,0.00175,1.594e-05,1.594e-05,1.594e-05
996,1217.65,2.75612,2.2987,0.00139,0.54216,0.3617,0.3414,0.15747,2.50793,1.89636,0.00175,1.495e-05,1.495e-05,1.495e-05
997,1218.77,2.34642,2.05516,0.00125,0.54216,0.3617,0.3414,0.15747,2.50793,1.89636,0.00175,1.396e-05,1.396e-05,1.396e-05
998,1219.89,2.20317,1.52032,0.00117,0.54216,0.3617,0.3414,0.15747,2.50793,1.89636,0.00175,1.297e-05,1.297e-05,1.297e-05
999,1220.99,2.81945,1.85983,0.0015,0.54216,0.3617,0.3414,0.15747,2.50793,1.89636,0.00175,1.198e-05,1.198e-05,1.198e-05
1000,1222.25,2.63268,2.21299,0.00122,0.54216,0.3617,0.3414,0.15747,2.50793,1.89636,0.00175,1.099e-05,1.099e-05,1.099e-05
